2026-09-19T22:44:16.549699252+01:00 - Logging init
2026-09-19T22:44:32.168095394+01:00 - Logging init
2026-09-19T22:45:29.002851361+01:00 - Logging init
2026-09-19T22:47:20.478723952+01:00 - Logging init
2026-09-19T22:47:29.772496600+01:00 - Applying lighting command
2026-09-19T22:47:30.110497980+01:00 - Applying lighting command
2026-09-19T22:47:34.047721299+01:00 - Applying lighting command
2026-09-19T22:47:34.656063028+01:00 - Applying lighting command
2026-09-19T22:47:36.005368076+01:00 - Applying lighting command
2026-09-19T22:47:36.230329630+01:00 - Applying lighting command
2026-09-19T22:47:36.410638270+01:00 - Applying lighting command
2026-09-19T22:47:36.725889669+01:00 - Applying lighting command
2026-09-19T22:47:36.927191986+01:00 - Applying lighting command
2026-09-19T22:47:37.085625227+01:00 - Applying lighting command
2026-09-19T22:47:37.270022596+01:00 - Applying lighting command
2026-09-19T22:47:37.400790622+01:00 - Applying lighting command
2026-09-19T22:47:37.581024997+01:00 - Applying lighting command
2026-09-19T22:47:37.718699179+01:00 - Applying lighting command
2026-09-19T22:47:37.871687313+01:00 - Applying lighting command
2026-09-19T22:47:38.029996871+01:00 - Applying lighting command
2026-09-19T22:47:38.168455621+01:00 - Applying lighting command
2026-09-19T22:48:34.067056481+01:00 - Logging init
2026-09-19T22:48:39.049954071+01:00 - Applying lighting command
2026-09-19T22:48:39.681041063+01:00 - Applying lighting command
2026-09-19T22:48:40.176300831+01:00 - Applying lighting command
2026-09-19T22:48:40.670728611+01:00 - Applying lighting command
2026-09-19T22:48:41.076337506+01:00 - Applying lighting command
2026-09-19T22:48:41.571185211+01:00 - Applying lighting command
2026-09-19T22:48:41.795639115+01:00 - Applying lighting command
2026-09-19T22:48:41.998807028+01:00 - Applying lighting command
2026-09-19T22:48:42.200995998+01:00 - Applying lighting command
2026-09-19T22:51:27.752657164+01:00 - Logging init
2026-09-19T22:51:30.074504086+01:00 - Applying lighting command
2026-09-19T22:54:45.533534842+01:00 - Logging init
2026-09-19T22:54:45.534533584+01:00 - HidDeviceInfo { vendor_id: 1739, product_id: 53220 }
2026-09-19T22:54:45.534544943+01:00 - HidDeviceInfo { vendor_id: 1739, product_id: 53220 }
2026-09-19T22:54:45.534550183+01:00 - HidDeviceInfo { vendor_id: 1739, product_id: 53220 }
2026-09-19T22:54:45.534554278+01:00 - HidDeviceInfo { vendor_id: 1739, product_id: 53220 }
2026-09-19T22:54:45.534558245+01:00 - HidDeviceInfo { vendor_id: 3314, product_id: 20784 }
2026-09-19T22:54:45.534562322+01:00 - HidDeviceInfo { vendor_id: 4133, product_id: 5963 }
2026-09-19T22:54:45.534566443+01:00 - HidDeviceInfo { vendor_id: 4133, product_id: 5963 }
2026-09-19T22:54:45.534570502+01:00 - HidDeviceInfo { vendor_id: 4133, product_id: 5963 }
2026-09-19T22:54:45.534574567+01:00 - HidDeviceInfo { vendor_id: 4133, product_id: 5963 }
2026-09-19T22:54:45.534578691+01:00 - HidDeviceInfo { vendor_id: 4133, product_id: 5963 }
2026-09-19T22:54:45.534582786+01:00 - HidDeviceInfo { vendor_id: 4133, product_id: 5963 }
2026-09-19T22:54:45.534586849+01:00 - HidDeviceInfo { vendor_id: 4133, product_id: 5963 }
2026-09-19T22:54:45.534590957+01:00 - HidDeviceInfo { vendor_id: 4133, product_id: 5963 }
2026-09-19T22:54:45.534595065+01:00 - HidDeviceInfo { vendor_id: 1133, product_id: 45108 }
2026-09-19T22:54:45.534599128+01:00 - HidDeviceInfo { vendor_id: 1133, product_id: 45108 }
2026-09-19T22:54:45.534603254+01:00 - HidDeviceInfo { vendor_id: 1133, product_id: 45930 }
2026-09-19T22:54:45.534607276+01:00 - HidDeviceInfo { vendor_id: 1133, product_id: 45930 }
2026-09-19T22:54:45.534611383+01:00 - HidDeviceInfo { vendor_id: 1133, product_id: 45930 }
2026-09-19T22:54:45.534615483+01:00 - HidDeviceInfo { vendor_id: 1133, product_id: 45930 }
2026-09-19T22:56:20.990055213+01:00 - Logging init
2026-09-19T22:56:20.991081886+01:00 - HidDeviceInfo { vendor_id: 1739, product_id: 53220 }
2026-09-19T22:56:20.991093705+01:00 - HidDeviceInfo { vendor_id: 1739, product_id: 53220 }
2026-09-19T22:56:20.991098781+01:00 - HidDeviceInfo { vendor_id: 1739, product_id: 53220 }
2026-09-19T22:56:20.991108205+01:00 - HidDeviceInfo { vendor_id: 1739, product_id: 53220 }
2026-09-19T22:56:20.991112312+01:00 - HidDeviceInfo { vendor_id: 3314, product_id: 20784 }
2026-09-19T22:56:20.991116084+01:00 - HidDeviceInfo { vendor_id: 4133, product_id: 5963 }
2026-09-19T22:56:20.991119896+01:00 - HidDeviceInfo { vendor_id: 4133, product_id: 5963 }
2026-09-19T22:56:20.991123706+01:00 - HidDeviceInfo { vendor_id: 4133, product_id: 5963 }
2026-09-19T22:56:20.991127414+01:00 - HidDeviceInfo { vendor_id: 4133, product_id: 5963 }
2026-09-19T22:56:20.991131185+01:00 - HidDeviceInfo { vendor_id: 4133, product_id: 5963 }
2026-09-19T22:56:20.991134968+01:00 - HidDeviceInfo { vendor_id: 4133, product_id: 5963 }
2026-09-19T22:56:20.991138699+01:00 - HidDeviceInfo { vendor_id: 4133, product_id: 5963 }
2026-09-19T22:56:20.991142476+01:00 - HidDeviceInfo { vendor_id: 4133, product_id: 5963 }
2026-09-19T22:56:20.991146148+01:00 - HidDeviceInfo { vendor_id: 1133, product_id: 45108 }
2026-09-19T22:56:20.991149881+01:00 - HidDeviceInfo { vendor_id: 1133, product_id: 45108 }
2026-09-19T22:56:20.991153651+01:00 - HidDeviceInfo { vendor_id: 1133, product_id: 45930 }
2026-09-19T22:56:20.991157399+01:00 - HidDeviceInfo { vendor_id: 1133, product_id: 45930 }
2026-09-19T22:56:20.991161144+01:00 - HidDeviceInfo { vendor_id: 1133, product_id: 45930 }
2026-09-19T22:56:20.991164908+01:00 - HidDeviceInfo { vendor_id: 1133, product_id: 45930 }
2026-09-19T22:56:23.840333596+01:00 - Applying lighting command
2026-09-19T22:58:55.070974735+01:00 - Logging init
2026-09-19T22:58:55.071966432+01:00 - HidDeviceInfo { vendor_id: 1739, product_id: 53220 }
2026-09-19T22:58:55.071978342+01:00 - HidDeviceInfo { vendor_id: 1739, product_id: 53220 }
2026-09-19T22:58:55.071983454+01:00 - HidDeviceInfo { vendor_id: 1739, product_id: 53220 }
2026-09-19T22:58:55.071987881+01:00 - HidDeviceInfo { vendor_id: 1739, product_id: 53220 }
2026-09-19T22:58:55.071992216+01:00 - HidDeviceInfo { vendor_id: 3314, product_id: 20784 }
2026-09-19T22:58:55.071996263+01:00 - HidDeviceInfo { vendor_id: 4133, product_id: 5963 }
2026-09-19T22:58:55.072000428+01:00 - HidDeviceInfo { vendor_id: 4133, product_id: 5963 }
2026-09-19T22:58:55.072004571+01:00 - HidDeviceInfo { vendor_id: 4133, product_id: 5963 }
2026-09-19T22:58:55.072008764+01:00 - HidDeviceInfo { vendor_id: 4133, product_id: 5963 }
2026-09-19T22:58:55.072013146+01:00 - HidDeviceInfo { vendor_id: 4133, product_id: 5963 }
2026-09-19T22:58:55.072017485+01:00 - HidDeviceInfo { vendor_id: 4133, product_id: 5963 }
2026-09-19T22:58:55.072021710+01:00 - HidDeviceInfo { vendor_id: 4133, product_id: 5963 }
2026-09-19T22:58:55.072025949+01:00 - HidDeviceInfo { vendor_id: 4133, product_id: 5963 }
2026-09-19T22:58:55.072030067+01:00 - HidDeviceInfo { vendor_id: 1133, product_id: 45108 }
2026-09-19T22:58:55.072034154+01:00 - HidDeviceInfo { vendor_id: 1133, product_id: 45108 }
2026-09-19T22:58:55.072038332+01:00 - HidDeviceInfo { vendor_id: 1133, product_id: 45930 }
2026-09-19T22:58:55.072042395+01:00 - HidDeviceInfo { vendor_id: 1133, product_id: 45930 }
2026-09-19T22:58:55.072046598+01:00 - HidDeviceInfo { vendor_id: 1133, product_id: 45930 }
2026-09-19T22:58:55.072050628+01:00 - HidDeviceInfo { vendor_id: 1133, product_id: 45930 }
2026-09-19T22:59:53.694822085+01:00 - Logging init
2026-09-19T22:59:53.695817470+01:00 - HidDeviceInfo { vendor_id: 1739, product_id: 53220 }
2026-09-19T22:59:53.695829129+01:00 - HidDeviceInfo { vendor_id: 1739, product_id: 53220 }
2026-09-19T22:59:53.695834546+01:00 - HidDeviceInfo { vendor_id: 1739, product_id: 53220 }
2026-09-19T22:59:53.695838909+01:00 - HidDeviceInfo { vendor_id: 1739, product_id: 53220 }
2026-09-19T22:59:53.695843123+01:00 - HidDeviceInfo { vendor_id: 3314, product_id: 20784 }
2026-09-19T22:59:53.695847286+01:00 - HidDeviceInfo { vendor_id: 4133, product_id: 5963 }
2026-09-19T22:59:53.695851422+01:00 - HidDeviceInfo { vendor_id: 4133, product_id: 5963 }
2026-09-19T22:59:53.695855513+01:00 - HidDeviceInfo { vendor_id: 4133, product_id: 5963 }
2026-09-19T22:59:53.695859676+01:00 - HidDeviceInfo { vendor_id: 4133, product_id: 5963 }
2026-09-19T22:59:53.695868440+01:00 - HidDeviceInfo { vendor_id: 4133, product_id: 5963 }
2026-09-19T22:59:53.695872319+01:00 - HidDeviceInfo { vendor_id: 4133, product_id: 5963 }
2026-09-19T22:59:53.695876118+01:00 - HidDeviceInfo { vendor_id: 4133, product_id: 5963 }
2026-09-19T22:59:53.695880029+01:00 - HidDeviceInfo { vendor_id: 4133, product_id: 5963 }
2026-09-19T22:59:53.695883991+01:00 - HidDeviceInfo { vendor_id: 1133, product_id: 45108 }
2026-09-19T22:59:53.695887750+01:00 - HidDeviceInfo { vendor_id: 1133, product_id: 45108 }
2026-09-19T22:59:53.695891536+01:00 - HidDeviceInfo { vendor_id: 1133, product_id: 45930 }
2026-09-19T22:59:53.695899127+01:00 - HidDeviceInfo { vendor_id: 1133, product_id: 45930 }
2026-09-19T22:59:53.695902948+01:00 - HidDeviceInfo { vendor_id: 1133, product_id: 45930 }
2026-09-19T22:59:53.695906617+01:00 - HidDeviceInfo { vendor_id: 1133, product_id: 45930 }
2026-09-19T22:59:53.697378124+01:00 - hidapi error: Failed to open a device with path '/dev/hidraw2': Permission denied
2026-09-19T22:59:53.698634472+01:00 - hidapi error: Failed to open a device with path '/dev/hidraw1': Permission denied
2026-09-19T23:00:30.759529805+01:00 - Logging init
2026-09-19T23:00:30.761404401+01:00 - HidDeviceInfo { vendor_id: 1739, product_id: 53220 }
2026-09-19T23:00:30.761426538+01:00 - HidDeviceInfo { vendor_id: 1739, product_id: 53220 }
2026-09-19T23:00:30.761436010+01:00 - HidDeviceInfo { vendor_id: 1739, product_id: 53220 }
2026-09-19T23:00:30.761445838+01:00 - HidDeviceInfo { vendor_id: 1739, product_id: 53220 }
2026-09-19T23:00:30.761457619+01:00 - HidDeviceInfo { vendor_id: 3314, product_id: 20784 }
2026-09-19T23:00:30.761467708+01:00 - HidDeviceInfo { vendor_id: 4133, product_id: 5963 }
2026-09-19T23:00:30.761476476+01:00 - HidDeviceInfo { vendor_id: 4133, product_id: 5963 }
2026-09-19T23:00:30.761486366+01:00 - HidDeviceInfo { vendor_id: 4133, product_id: 5963 }
2026-09-19T23:00:30.761495982+01:00 - HidDeviceInfo { vendor_id: 4133, product_id: 5963 }
2026-09-19T23:00:30.761504139+01:00 - HidDeviceInfo { vendor_id: 4133, product_id: 5963 }
2026-09-19T23:00:30.761513805+01:00 - HidDeviceInfo { vendor_id: 4133, product_id: 5963 }
2026-09-19T23:00:30.761523470+01:00 - HidDeviceInfo { vendor_id: 4133, product_id: 5963 }
2026-09-19T23:00:30.761531900+01:00 - HidDeviceInfo { vendor_id: 4133, product_id: 5963 }
2026-09-19T23:00:30.761541493+01:00 - HidDeviceInfo { vendor_id: 1133, product_id: 45108 }
2026-09-19T23:00:30.761549664+01:00 - HidDeviceInfo { vendor_id: 1133, product_id: 45108 }
2026-09-19T23:00:30.761559978+01:00 - HidDeviceInfo { vendor_id: 1133, product_id: 45930 }
2026-09-19T23:00:30.761570147+01:00 - HidDeviceInfo { vendor_id: 1133, product_id: 45930 }
2026-09-19T23:00:30.761579799+01:00 - HidDeviceInfo { vendor_id: 1133, product_id: 45930 }
2026-09-19T23:00:30.761589612+01:00 - HidDeviceInfo { vendor_id: 1133, product_id: 45930 }
2026-09-19T23:00:39.245255919+01:00 - Applying lighting command
2026-09-19T23:00:39.245335091+01:00 - Setting feature in lighting
2026-09-19T23:00:39.245346803+01:00 - Setting device feature after initialzing buf
2026-09-19T23:00:39.245356113+01:00 - Set feature called
2026-09-19T23:00:39.245600525+01:00 - HidDevice { inner: HidDevice { .. }, vid: 3314, pid: 20784 } -> HidDeviceInfo { vendor_id: 3314, product_id: 20784 }
2026-09-19T23:00:40.166084986+01:00 - Applying lighting command
2026-09-19T23:00:40.166154871+01:00 - Setting feature in lighting
2026-09-19T23:00:40.166166441+01:00 - Setting device feature after initialzing buf
2026-09-19T23:00:40.166175371+01:00 - Set feature called
2026-09-19T23:00:40.166191887+01:00 - HidDevice { inner: HidDevice { .. }, vid: 3314, pid: 20784 } -> HidDeviceInfo { vendor_id: 3314, product_id: 20784 }
2026-09-19T23:00:40.665937546+01:00 - Applying lighting command
2026-09-19T23:00:40.666016942+01:00 - Setting feature in lighting
2026-09-19T23:00:40.666028621+01:00 - Setting device feature after initialzing buf
2026-09-19T23:00:40.666037745+01:00 - Set feature called
2026-09-19T23:00:40.666065353+01:00 - HidDevice { inner: HidDevice { .. }, vid: 3314, pid: 20784 } -> HidDeviceInfo { vendor_id: 3314, product_id: 20784 }
2026-09-19T23:00:40.695963272+01:00 - Applying lighting command
2026-09-19T23:00:40.696007197+01:00 - Setting feature in lighting
2026-09-19T23:00:40.696017828+01:00 - Setting device feature after initialzing buf
2026-09-19T23:00:40.696025794+01:00 - Set feature called
2026-09-19T23:00:40.696039315+01:00 - HidDevice { inner: HidDevice { .. }, vid: 3314, pid: 20784 } -> HidDeviceInfo { vendor_id: 3314, product_id: 20784 }
2026-09-19T23:00:40.726076255+01:00 - Applying lighting command
2026-09-19T23:00:40.726118175+01:00 - Setting feature in lighting
2026-09-19T23:00:40.726128662+01:00 - Setting device feature after initialzing buf
2026-09-19T23:00:40.726136854+01:00 - Set feature called
2026-09-19T23:00:40.726150526+01:00 - HidDevice { inner: HidDevice { .. }, vid: 3314, pid: 20784 } -> HidDeviceInfo { vendor_id: 3314, product_id: 20784 }
2026-09-19T23:00:40.756308550+01:00 - Applying lighting command
2026-09-19T23:00:40.756350260+01:00 - Setting feature in lighting
2026-09-19T23:00:40.756360937+01:00 - Setting device feature after initialzing buf
2026-09-19T23:00:40.756369211+01:00 - Set feature called
2026-09-19T23:00:40.756382654+01:00 - HidDevice { inner: HidDevice { .. }, vid: 3314, pid: 20784 } -> HidDeviceInfo { vendor_id: 3314, product_id: 20784 }
2026-09-19T23:00:40.786548302+01:00 - Applying lighting command
2026-09-19T23:00:40.786596196+01:00 - Setting feature in lighting
2026-09-19T23:00:40.786601771+01:00 - Setting device feature after initialzing buf
2026-09-19T23:00:40.786605809+01:00 - Set feature called
2026-09-19T23:00:40.786614950+01:00 - HidDevice { inner: HidDevice { .. }, vid: 3314, pid: 20784 } -> HidDeviceInfo { vendor_id: 3314, product_id: 20784 }
2026-09-19T23:00:40.816155471+01:00 - Applying lighting command
2026-09-19T23:00:40.816199126+01:00 - Setting feature in lighting
2026-09-19T23:00:40.816204292+01:00 - Setting device feature after initialzing buf
2026-09-19T23:00:40.816208183+01:00 - Set feature called
2026-09-19T23:00:40.816216530+01:00 - HidDevice { inner: HidDevice { .. }, vid: 3314, pid: 20784 } -> HidDeviceInfo { vendor_id: 3314, product_id: 20784 }
2026-09-19T23:00:40.849285339+01:00 - Applying lighting command
2026-09-19T23:00:40.849328503+01:00 - Setting feature in lighting
2026-09-19T23:00:40.849338983+01:00 - Setting device feature after initialzing buf
2026-09-19T23:00:40.849347026+01:00 - Set feature called
2026-09-19T23:00:40.849360123+01:00 - HidDevice { inner: HidDevice { .. }, vid: 3314, pid: 20784 } -> HidDeviceInfo { vendor_id: 3314, product_id: 20784 }
2026-09-19T23:00:40.881962487+01:00 - Applying lighting command
2026-09-19T23:00:40.882003194+01:00 - Setting feature in lighting
2026-09-19T23:00:40.882013499+01:00 - Setting device feature after initialzing buf
2026-09-19T23:00:40.882021493+01:00 - Set feature called
2026-09-19T23:00:40.882034705+01:00 - HidDevice { inner: HidDevice { .. }, vid: 3314, pid: 20784 } -> HidDeviceInfo { vendor_id: 3314, product_id: 20784 }
2026-09-19T23:00:40.915500173+01:00 - Applying lighting command
2026-09-19T23:00:40.915545591+01:00 - Setting feature in lighting
2026-09-19T23:00:40.915556075+01:00 - Setting device feature after initialzing buf
2026-09-19T23:00:40.915564179+01:00 - Set feature called
2026-09-19T23:00:40.915577868+01:00 - HidDevice { inner: HidDevice { .. }, vid: 3314, pid: 20784 } -> HidDeviceInfo { vendor_id: 3314, product_id: 20784 }
2026-09-19T23:00:40.945317371+01:00 - Applying lighting command
2026-09-19T23:00:40.945355401+01:00 - Setting feature in lighting
2026-09-19T23:00:40.945366037+01:00 - Setting device feature after initialzing buf
2026-09-19T23:00:40.945374203+01:00 - Set feature called
2026-09-19T23:00:40.945388289+01:00 - HidDevice { inner: HidDevice { .. }, vid: 3314, pid: 20784 } -> HidDeviceInfo { vendor_id: 3314, product_id: 20784 }
2026-09-19T23:00:40.975846212+01:00 - Applying lighting command
2026-09-19T23:00:40.975883632+01:00 - Setting feature in lighting
2026-09-19T23:00:40.975909760+01:00 - Setting device feature after initialzing buf
2026-09-19T23:00:40.975920029+01:00 - Set feature called
2026-09-19T23:00:40.975933381+01:00 - HidDevice { inner: HidDevice { .. }, vid: 3314, pid: 20784 } -> HidDeviceInfo { vendor_id: 3314, product_id: 20784 }
2026-09-19T23:00:41.005531235+01:00 - Applying lighting command
2026-09-19T23:00:41.005571409+01:00 - Setting feature in lighting
2026-09-19T23:00:41.005581734+01:00 - Setting device feature after initialzing buf
2026-09-19T23:00:41.005589539+01:00 - Set feature called
2026-09-19T23:00:41.005602708+01:00 - HidDevice { inner: HidDevice { .. }, vid: 3314, pid: 20784 } -> HidDeviceInfo { vendor_id: 3314, product_id: 20784 }
2026-09-19T23:00:41.037528479+01:00 - Applying lighting command
2026-09-19T23:00:41.037557875+01:00 - Setting feature in lighting
2026-09-19T23:00:41.037562785+01:00 - Setting device feature after initialzing buf
2026-09-19T23:00:41.037566578+01:00 - Set feature called
2026-09-19T23:00:41.037573588+01:00 - HidDevice { inner: HidDevice { .. }, vid: 3314, pid: 20784 } -> HidDeviceInfo { vendor_id: 3314, product_id: 20784 }
2026-09-19T23:00:41.067722923+01:00 - Applying lighting command
2026-09-19T23:00:41.067765386+01:00 - Setting feature in lighting
2026-09-19T23:00:41.067775084+01:00 - Setting device feature after initialzing buf
2026-09-19T23:00:41.067784781+01:00 - Set feature called
2026-09-19T23:00:41.067800615+01:00 - HidDevice { inner: HidDevice { .. }, vid: 3314, pid: 20784 } -> HidDeviceInfo { vendor_id: 3314, product_id: 20784 }
2026-09-19T23:00:41.101159012+01:00 - Applying lighting command
2026-09-19T23:00:41.101203005+01:00 - Setting feature in lighting
2026-09-19T23:00:41.101213153+01:00 - Setting device feature after initialzing buf
2026-09-19T23:00:41.101221074+01:00 - Set feature called
2026-09-19T23:00:41.101234906+01:00 - HidDevice { inner: HidDevice { .. }, vid: 3314, pid: 20784 } -> HidDeviceInfo { vendor_id: 3314, product_id: 20784 }
2026-09-19T23:00:41.131423079+01:00 - Applying lighting command
2026-09-19T23:00:41.131470325+01:00 - Setting feature in lighting
2026-09-19T23:00:41.131480835+01:00 - Setting device feature after initialzing buf
2026-09-19T23:00:41.131489064+01:00 - Set feature called
2026-09-19T23:00:41.131502969+01:00 - HidDevice { inner: HidDevice { .. }, vid: 3314, pid: 20784 } -> HidDeviceInfo { vendor_id: 3314, product_id: 20784 }
2026-09-19T23:00:41.160834980+01:00 - Applying lighting command
2026-09-19T23:00:41.160872930+01:00 - Setting feature in lighting
2026-09-19T23:00:41.160883607+01:00 - Setting device feature after initialzing buf
2026-09-19T23:00:41.160891658+01:00 - Set feature called
2026-09-19T23:00:41.160914170+01:00 - HidDevice { inner: HidDevice { .. }, vid: 3314, pid: 20784 } -> HidDeviceInfo { vendor_id: 3314, product_id: 20784 }
2026-09-19T23:00:41.191138445+01:00 - Applying lighting command
2026-09-19T23:00:41.191160693+01:00 - Setting feature in lighting
2026-09-19T23:00:41.191165655+01:00 - Setting device feature after initialzing buf
2026-09-19T23:00:41.191169557+01:00 - Set feature called
2026-09-19T23:00:41.191176228+01:00 - HidDevice { inner: HidDevice { .. }, vid: 3314, pid: 20784 } -> HidDeviceInfo { vendor_id: 3314, product_id: 20784 }
2026-09-19T23:00:41.221627715+01:00 - Applying lighting command
2026-09-19T23:00:41.221647196+01:00 - Setting feature in lighting
2026-09-19T23:00:41.221655748+01:00 - Setting device feature after initialzing buf
2026-09-19T23:00:41.221663125+01:00 - Set feature called
2026-09-19T23:00:41.221674374+01:00 - HidDevice { inner: HidDevice { .. }, vid: 3314, pid: 20784 } -> HidDeviceInfo { vendor_id: 3314, product_id: 20784 }
2026-09-19T23:00:41.383632635+01:00 - Applying lighting command
2026-09-19T23:00:41.383700262+01:00 - Setting feature in lighting
2026-09-19T23:00:41.383710795+01:00 - Setting device feature after initialzing buf
2026-09-19T23:00:41.383719008+01:00 - Set feature called
2026-09-19T23:00:41.383735091+01:00 - HidDevice { inner: HidDevice { .. }, vid: 3314, pid: 20784 } -> HidDeviceInfo { vendor_id: 3314, product_id: 20784 }
2026-09-19T23:00:41.885310383+01:00 - Applying lighting command
2026-09-19T23:00:41.885388139+01:00 - Setting feature in lighting
2026-09-19T23:00:41.885398841+01:00 - Setting device feature after initialzing buf
2026-09-19T23:00:41.885407233+01:00 - Set feature called
2026-09-19T23:00:41.885423015+01:00 - HidDevice { inner: HidDevice { .. }, vid: 3314, pid: 20784 } -> HidDeviceInfo { vendor_id: 3314, product_id: 20784 }
2026-09-19T23:00:41.914451735+01:00 - Applying lighting command
2026-09-19T23:00:41.914497525+01:00 - Setting feature in lighting
2026-09-19T23:00:41.914507868+01:00 - Setting device feature after initialzing buf
2026-09-19T23:00:41.914515801+01:00 - Set feature called
2026-09-19T23:00:41.914529327+01:00 - HidDevice { inner: HidDevice { .. }, vid: 3314, pid: 20784 } -> HidDeviceInfo { vendor_id: 3314, product_id: 20784 }
2026-09-19T23:00:41.944812063+01:00 - Applying lighting command
2026-09-19T23:00:41.944853503+01:00 - Setting feature in lighting
2026-09-19T23:00:41.944863186+01:00 - Setting device feature after initialzing buf
2026-09-19T23:00:41.944871714+01:00 - Set feature called
2026-09-19T23:00:41.944887382+01:00 - HidDevice { inner: HidDevice { .. }, vid: 3314, pid: 20784 } -> HidDeviceInfo { vendor_id: 3314, product_id: 20784 }
2026-09-19T23:00:41.974469720+01:00 - Applying lighting command
2026-09-19T23:00:41.974513578+01:00 - Setting feature in lighting
2026-09-19T23:00:41.974523489+01:00 - Setting device feature after initialzing buf
2026-09-19T23:00:41.974531580+01:00 - Set feature called
2026-09-19T23:00:41.974544920+01:00 - HidDevice { inner: HidDevice { .. }, vid: 3314, pid: 20784 } -> HidDeviceInfo { vendor_id: 3314, product_id: 20784 }
2026-09-19T23:00:42.004983883+01:00 - Applying lighting command
2026-09-19T23:00:42.005031643+01:00 - Setting feature in lighting
2026-09-19T23:00:42.005041754+01:00 - Setting device feature after initialzing buf
2026-09-19T23:00:42.005049780+01:00 - Set feature called
2026-09-19T23:00:42.005063613+01:00 - HidDevice { inner: HidDevice { .. }, vid: 3314, pid: 20784 } -> HidDeviceInfo { vendor_id: 3314, product_id: 20784 }
2026-09-19T23:00:42.035231163+01:00 - Applying lighting command
2026-09-19T23:00:42.035294006+01:00 - Setting feature in lighting
2026-09-19T23:00:42.035304475+01:00 - Setting device feature after initialzing buf
2026-09-19T23:00:42.035312578+01:00 - Set feature called
2026-09-19T23:00:42.035327719+01:00 - HidDevice { inner: HidDevice { .. }, vid: 3314, pid: 20784 } -> HidDeviceInfo { vendor_id: 3314, product_id: 20784 }
2026-09-19T23:00:42.068409735+01:00 - Applying lighting command
2026-09-19T23:00:42.068462985+01:00 - Setting feature in lighting
2026-09-19T23:00:42.068473486+01:00 - Setting device feature after initialzing buf
2026-09-19T23:00:42.068481736+01:00 - Set feature called
2026-09-19T23:00:42.068496097+01:00 - HidDevice { inner: HidDevice { .. }, vid: 3314, pid: 20784 } -> HidDeviceInfo { vendor_id: 3314, product_id: 20784 }
2026-09-19T23:00:42.102767507+01:00 - Applying lighting command
2026-09-19T23:00:42.102816955+01:00 - Setting feature in lighting
2026-09-19T23:00:42.102822325+01:00 - Setting device feature after initialzing buf
2026-09-19T23:00:42.102826364+01:00 - Set feature called
2026-09-19T23:00:42.102835728+01:00 - HidDevice { inner: HidDevice { .. }, vid: 3314, pid: 20784 } -> HidDeviceInfo { vendor_id: 3314, product_id: 20784 }
2026-09-19T23:00:42.132174548+01:00 - Applying lighting command
2026-09-19T23:00:42.132221048+01:00 - Setting feature in lighting
2026-09-19T23:00:42.132231373+01:00 - Setting device feature after initialzing buf
2026-09-19T23:00:42.132239322+01:00 - Set feature called
2026-09-19T23:00:42.132252999+01:00 - HidDevice { inner: HidDevice { .. }, vid: 3314, pid: 20784 } -> HidDeviceInfo { vendor_id: 3314, product_id: 20784 }
2026-09-19T23:00:42.163448303+01:00 - Applying lighting command
2026-09-19T23:00:42.163488129+01:00 - Setting feature in lighting
2026-09-19T23:00:42.163498444+01:00 - Setting device feature after initialzing buf
2026-09-19T23:00:42.163519253+01:00 - Set feature called
2026-09-19T23:00:42.163533543+01:00 - HidDevice { inner: HidDevice { .. }, vid: 3314, pid: 20784 } -> HidDeviceInfo { vendor_id: 3314, product_id: 20784 }
2026-09-19T23:00:42.193361614+01:00 - Applying lighting command
2026-09-19T23:00:42.193398397+01:00 - Setting feature in lighting
2026-09-19T23:00:42.193408672+01:00 - Setting device feature after initialzing buf
2026-09-19T23:00:42.193416422+01:00 - Set feature called
2026-09-19T23:00:42.193429880+01:00 - HidDevice { inner: HidDevice { .. }, vid: 3314, pid: 20784 } -> HidDeviceInfo { vendor_id: 3314, product_id: 20784 }
2026-09-19T23:00:42.223421789+01:00 - Applying lighting command
2026-09-19T23:00:42.223465326+01:00 - Setting feature in lighting
2026-09-19T23:00:42.223475548+01:00 - Setting device feature after initialzing buf
2026-09-19T23:00:42.223483482+01:00 - Set feature called
2026-09-19T23:00:42.223496796+01:00 - HidDevice { inner: HidDevice { .. }, vid: 3314, pid: 20784 } -> HidDeviceInfo { vendor_id: 3314, product_id: 20784 }
2026-09-19T23:00:42.253588497+01:00 - Applying lighting command
2026-09-19T23:00:42.253629607+01:00 - Setting feature in lighting
2026-09-19T23:00:42.253640487+01:00 - Setting device feature after initialzing buf
2026-09-19T23:00:42.253648552+01:00 - Set feature called
2026-09-19T23:00:42.253662307+01:00 - HidDevice { inner: HidDevice { .. }, vid: 3314, pid: 20784 } -> HidDeviceInfo { vendor_id: 3314, product_id: 20784 }
2026-09-19T23:00:42.282905326+01:00 - Applying lighting command
2026-09-19T23:00:42.282943581+01:00 - Setting feature in lighting
2026-09-19T23:00:42.282953764+01:00 - Setting device feature after initialzing buf
2026-09-19T23:00:42.282961729+01:00 - Set feature called
2026-09-19T23:00:42.282974797+01:00 - HidDevice { inner: HidDevice { .. }, vid: 3314, pid: 20784 } -> HidDeviceInfo { vendor_id: 3314, product_id: 20784 }
2026-09-19T23:00:42.313322664+01:00 - Applying lighting command
2026-09-19T23:00:42.313359871+01:00 - Setting feature in lighting
2026-09-19T23:00:42.313369877+01:00 - Setting device feature after initialzing buf
2026-09-19T23:00:42.313377895+01:00 - Set feature called
2026-09-19T23:00:42.313391218+01:00 - HidDevice { inner: HidDevice { .. }, vid: 3314, pid: 20784 } -> HidDeviceInfo { vendor_id: 3314, product_id: 20784 }
2026-09-19T23:00:42.343714164+01:00 - Applying lighting command
2026-09-19T23:00:42.343751946+01:00 - Setting feature in lighting
2026-09-19T23:00:42.343761756+01:00 - Setting device feature after initialzing buf
2026-09-19T23:00:42.343769825+01:00 - Set feature called
2026-09-19T23:00:42.343782915+01:00 - HidDevice { inner: HidDevice { .. }, vid: 3314, pid: 20784 } -> HidDeviceInfo { vendor_id: 3314, product_id: 20784 }
2026-09-19T23:00:42.374303196+01:00 - Applying lighting command
2026-09-19T23:00:42.374349214+01:00 - Setting feature in lighting
2026-09-19T23:00:42.374359825+01:00 - Setting device feature after initialzing buf
2026-09-19T23:00:42.374367731+01:00 - Set feature called
2026-09-19T23:00:42.374381653+01:00 - HidDevice { inner: HidDevice { .. }, vid: 3314, pid: 20784 } -> HidDeviceInfo { vendor_id: 3314, product_id: 20784 }
2026-09-19T23:00:42.404423033+01:00 - Applying lighting command
2026-09-19T23:00:42.404466975+01:00 - Setting feature in lighting
2026-09-19T23:00:42.404477313+01:00 - Setting device feature after initialzing buf
2026-09-19T23:00:42.404485398+01:00 - Set feature called
2026-09-19T23:00:42.404498798+01:00 - HidDevice { inner: HidDevice { .. }, vid: 3314, pid: 20784 } -> HidDeviceInfo { vendor_id: 3314, product_id: 20784 }
2026-09-19T23:00:42.437718320+01:00 - Applying lighting command
2026-09-19T23:00:42.437763996+01:00 - Setting feature in lighting
2026-09-19T23:00:42.437774293+01:00 - Setting device feature after initialzing buf
2026-09-19T23:00:42.437782465+01:00 - Set feature called
2026-09-19T23:00:42.437796066+01:00 - HidDevice { inner: HidDevice { .. }, vid: 3314, pid: 20784 } -> HidDeviceInfo { vendor_id: 3314, product_id: 20784 }
2026-09-19T23:00:42.820764238+01:00 - Applying lighting command
2026-09-19T23:00:42.820890994+01:00 - Setting feature in lighting
2026-09-19T23:00:42.820911957+01:00 - Setting device feature after initialzing buf
2026-09-19T23:00:42.820921740+01:00 - Set feature called
2026-09-19T23:00:42.820942284+01:00 - HidDevice { inner: HidDevice { .. }, vid: 3314, pid: 20784 } -> HidDeviceInfo { vendor_id: 3314, product_id: 20784 }
2026-09-19T23:00:44.980558599+01:00 - Applying lighting command
2026-09-19T23:00:44.980678352+01:00 - Setting feature in lighting
2026-09-19T23:00:44.980689753+01:00 - Setting device feature after initialzing buf
2026-09-19T23:00:44.980698918+01:00 - Set feature called
2026-09-19T23:00:44.980718139+01:00 - HidDevice { inner: HidDevice { .. }, vid: 3314, pid: 20784 } -> HidDeviceInfo { vendor_id: 3314, product_id: 20784 }
2026-09-19T23:00:45.480334002+01:00 - Applying lighting command
2026-09-19T23:00:45.480445444+01:00 - Setting feature in lighting
2026-09-19T23:00:45.480457093+01:00 - Setting device feature after initialzing buf
2026-09-19T23:00:45.480465440+01:00 - Set feature called
2026-09-19T23:00:45.480484941+01:00 - HidDevice { inner: HidDevice { .. }, vid: 3314, pid: 20784 } -> HidDeviceInfo { vendor_id: 3314, product_id: 20784 }
2026-09-19T23:00:45.509232507+01:00 - Applying lighting command
2026-09-19T23:00:45.509276259+01:00 - Setting feature in lighting
2026-09-19T23:00:45.509286541+01:00 - Setting device feature after initialzing buf
2026-09-19T23:00:45.509294299+01:00 - Set feature called
2026-09-19T23:00:45.509307623+01:00 - HidDevice { inner: HidDevice { .. }, vid: 3314, pid: 20784 } -> HidDeviceInfo { vendor_id: 3314, product_id: 20784 }
2026-09-19T23:00:45.539969577+01:00 - Applying lighting command
2026-09-19T23:00:45.540016022+01:00 - Setting feature in lighting
2026-09-19T23:00:45.540026330+01:00 - Setting device feature after initialzing buf
2026-09-19T23:00:45.540034429+01:00 - Set feature called
2026-09-19T23:00:45.540048206+01:00 - HidDevice { inner: HidDevice { .. }, vid: 3314, pid: 20784 } -> HidDeviceInfo { vendor_id: 3314, product_id: 20784 }
2026-09-19T23:00:45.571618467+01:00 - Applying lighting command
2026-09-19T23:00:45.571663209+01:00 - Setting feature in lighting
2026-09-19T23:00:45.571673902+01:00 - Setting device feature after initialzing buf
2026-09-19T23:00:45.571681949+01:00 - Set feature called
2026-09-19T23:00:45.571695546+01:00 - HidDevice { inner: HidDevice { .. }, vid: 3314, pid: 20784 } -> HidDeviceInfo { vendor_id: 3314, product_id: 20784 }
2026-09-19T23:00:45.603536467+01:00 - Applying lighting command
2026-09-19T23:00:45.603591879+01:00 - Setting feature in lighting
2026-09-19T23:00:45.603597184+01:00 - Setting device feature after initialzing buf
2026-09-19T23:00:45.603601311+01:00 - Set feature called
2026-09-19T23:00:45.603610899+01:00 - HidDevice { inner: HidDevice { .. }, vid: 3314, pid: 20784 } -> HidDeviceInfo { vendor_id: 3314, product_id: 20784 }
2026-09-19T23:00:45.633730092+01:00 - Applying lighting command
2026-09-19T23:00:45.633778796+01:00 - Setting feature in lighting
2026-09-19T23:00:45.633786303+01:00 - Setting device feature after initialzing buf
2026-09-19T23:00:45.633792171+01:00 - Set feature called
2026-09-19T23:00:45.633803182+01:00 - HidDevice { inner: HidDevice { .. }, vid: 3314, pid: 20784 } -> HidDeviceInfo { vendor_id: 3314, product_id: 20784 }
2026-09-19T23:00:45.665373683+01:00 - Applying lighting command
2026-09-19T23:00:45.665420905+01:00 - Setting feature in lighting
2026-09-19T23:00:45.665431312+01:00 - Setting device feature after initialzing buf
2026-09-19T23:00:45.665439326+01:00 - Set feature called
2026-09-19T23:00:45.665452942+01:00 - HidDevice { inner: HidDevice { .. }, vid: 3314, pid: 20784 } -> HidDeviceInfo { vendor_id: 3314, product_id: 20784 }
2026-09-19T23:00:45.694600665+01:00 - Applying lighting command
2026-09-19T23:00:45.694643453+01:00 - Setting feature in lighting
2026-09-19T23:00:45.694653926+01:00 - Setting device feature after initialzing buf
2026-09-19T23:00:45.694662125+01:00 - Set feature called
2026-09-19T23:00:45.694675773+01:00 - HidDevice { inner: HidDevice { .. }, vid: 3314, pid: 20784 } -> HidDeviceInfo { vendor_id: 3314, product_id: 20784 }
2026-09-19T23:00:45.724667380+01:00 - Applying lighting command
2026-09-19T23:00:45.724711505+01:00 - Setting feature in lighting
2026-09-19T23:00:45.724719513+01:00 - Setting device feature after initialzing buf
2026-09-19T23:00:45.724725575+01:00 - Set feature called
2026-09-19T23:00:45.724736508+01:00 - HidDevice { inner: HidDevice { .. }, vid: 3314, pid: 20784 } -> HidDeviceInfo { vendor_id: 3314, product_id: 20784 }
2026-09-19T23:00:45.758638374+01:00 - Applying lighting command
2026-09-19T23:00:45.758693709+01:00 - Setting feature in lighting
2026-09-19T23:00:45.758704349+01:00 - Setting device feature after initialzing buf
2026-09-19T23:00:45.758712209+01:00 - Set feature called
2026-09-19T23:00:45.758726526+01:00 - HidDevice { inner: HidDevice { .. }, vid: 3314, pid: 20784 } -> HidDeviceInfo { vendor_id: 3314, product_id: 20784 }
2026-09-19T23:00:45.793466961+01:00 - Applying lighting command
2026-09-19T23:00:45.793519967+01:00 - Setting feature in lighting
2026-09-19T23:00:45.793530548+01:00 - Setting device feature after initialzing buf
2026-09-19T23:00:45.793538622+01:00 - Set feature called
2026-09-19T23:00:45.793552684+01:00 - HidDevice { inner: HidDevice { .. }, vid: 3314, pid: 20784 } -> HidDeviceInfo { vendor_id: 3314, product_id: 20784 }
2026-09-19T23:00:45.827446229+01:00 - Applying lighting command
2026-09-19T23:00:45.827502845+01:00 - Setting feature in lighting
2026-09-19T23:00:45.827513264+01:00 - Setting device feature after initialzing buf
2026-09-19T23:00:45.827521333+01:00 - Set feature called
2026-09-19T23:00:45.827536430+01:00 - HidDevice { inner: HidDevice { .. }, vid: 3314, pid: 20784 } -> HidDeviceInfo { vendor_id: 3314, product_id: 20784 }
2026-09-19T23:00:45.860560895+01:00 - Applying lighting command
2026-09-19T23:00:45.860621181+01:00 - Setting feature in lighting
2026-09-19T23:00:45.860631815+01:00 - Setting device feature after initialzing buf
2026-09-19T23:00:45.860639590+01:00 - Set feature called
2026-09-19T23:00:45.860654363+01:00 - HidDevice { inner: HidDevice { .. }, vid: 3314, pid: 20784 } -> HidDeviceInfo { vendor_id: 3314, product_id: 20784 }
2026-09-19T23:00:45.890380522+01:00 - Applying lighting command
2026-09-19T23:00:45.890433697+01:00 - Setting feature in lighting
2026-09-19T23:00:45.890443986+01:00 - Setting device feature after initialzing buf
2026-09-19T23:00:45.890451834+01:00 - Set feature called
2026-09-19T23:00:45.890466327+01:00 - HidDevice { inner: HidDevice { .. }, vid: 3314, pid: 20784 } -> HidDeviceInfo { vendor_id: 3314, product_id: 20784 }
2026-09-19T23:00:46.059661110+01:00 - Applying lighting command
2026-09-19T23:00:46.059741008+01:00 - Setting feature in lighting
2026-09-19T23:00:46.059751736+01:00 - Setting device feature after initialzing buf
2026-09-19T23:00:46.059760037+01:00 - Set feature called
2026-09-19T23:00:46.059775534+01:00 - HidDevice { inner: HidDevice { .. }, vid: 3314, pid: 20784 } -> HidDeviceInfo { vendor_id: 3314, product_id: 20784 }
2026-09-19T23:00:46.560249428+01:00 - Applying lighting command
2026-09-19T23:00:46.560360395+01:00 - Setting feature in lighting
2026-09-19T23:00:46.560371622+01:00 - Setting device feature after initialzing buf
2026-09-19T23:00:46.560379843+01:00 - Set feature called
2026-09-19T23:00:46.560407927+01:00 - HidDevice { inner: HidDevice { .. }, vid: 3314, pid: 20784 } -> HidDeviceInfo { vendor_id: 3314, product_id: 20784 }
2026-09-19T23:00:46.589306187+01:00 - Applying lighting command
2026-09-19T23:00:46.589354018+01:00 - Setting feature in lighting
2026-09-19T23:00:46.589364013+01:00 - Setting device feature after initialzing buf
2026-09-19T23:00:46.589372121+01:00 - Set feature called
2026-09-19T23:00:46.589386110+01:00 - HidDevice { inner: HidDevice { .. }, vid: 3314, pid: 20784 } -> HidDeviceInfo { vendor_id: 3314, product_id: 20784 }
2026-09-19T23:00:46.623279579+01:00 - Applying lighting command
2026-09-19T23:00:46.623324269+01:00 - Setting feature in lighting
2026-09-19T23:00:46.623334582+01:00 - Setting device feature after initialzing buf
2026-09-19T23:00:46.623354374+01:00 - Set feature called
2026-09-19T23:00:46.623368886+01:00 - HidDevice { inner: HidDevice { .. }, vid: 3314, pid: 20784 } -> HidDeviceInfo { vendor_id: 3314, product_id: 20784 }
2026-09-19T23:00:46.653199130+01:00 - Applying lighting command
2026-09-19T23:00:46.653242538+01:00 - Setting feature in lighting
2026-09-19T23:00:46.653252817+01:00 - Setting device feature after initialzing buf
2026-09-19T23:00:46.653260850+01:00 - Set feature called
2026-09-19T23:00:46.653274519+01:00 - HidDevice { inner: HidDevice { .. }, vid: 3314, pid: 20784 } -> HidDeviceInfo { vendor_id: 3314, product_id: 20784 }
2026-09-19T23:00:46.683207510+01:00 - Applying lighting command
2026-09-19T23:00:46.683252085+01:00 - Setting feature in lighting
2026-09-19T23:00:46.683262237+01:00 - Setting device feature after initialzing buf
2026-09-19T23:00:46.683270204+01:00 - Set feature called
2026-09-19T23:00:46.683284322+01:00 - HidDevice { inner: HidDevice { .. }, vid: 3314, pid: 20784 } -> HidDeviceInfo { vendor_id: 3314, product_id: 20784 }
2026-09-19T23:00:46.714942108+01:00 - Applying lighting command
2026-09-19T23:00:46.715001430+01:00 - Setting feature in lighting
2026-09-19T23:00:46.715011871+01:00 - Setting device feature after initialzing buf
2026-09-19T23:00:46.715020051+01:00 - Set feature called
2026-09-19T23:00:46.715035247+01:00 - HidDevice { inner: HidDevice { .. }, vid: 3314, pid: 20784 } -> HidDeviceInfo { vendor_id: 3314, product_id: 20784 }
2026-09-19T23:00:46.743723596+01:00 - Applying lighting command
2026-09-19T23:00:46.743769946+01:00 - Setting feature in lighting
2026-09-19T23:00:46.743780075+01:00 - Setting device feature after initialzing buf
2026-09-19T23:00:46.743788213+01:00 - Set feature called
2026-09-19T23:00:46.743802192+01:00 - HidDevice { inner: HidDevice { .. }, vid: 3314, pid: 20784 } -> HidDeviceInfo { vendor_id: 3314, product_id: 20784 }
2026-09-19T23:00:46.773829317+01:00 - Applying lighting command
2026-09-19T23:00:46.773877164+01:00 - Setting feature in lighting
2026-09-19T23:00:46.773887563+01:00 - Setting device feature after initialzing buf
2026-09-19T23:00:46.773903908+01:00 - Set feature called
2026-09-19T23:00:46.773919795+01:00 - HidDevice { inner: HidDevice { .. }, vid: 3314, pid: 20784 } -> HidDeviceInfo { vendor_id: 3314, product_id: 20784 }
2026-09-19T23:00:46.806944199+01:00 - Applying lighting command
2026-09-19T23:00:46.806990048+01:00 - Setting feature in lighting
2026-09-19T23:00:46.807000317+01:00 - Setting device feature after initialzing buf
2026-09-19T23:00:46.807008092+01:00 - Set feature called
2026-09-19T23:00:46.807022280+01:00 - HidDevice { inner: HidDevice { .. }, vid: 3314, pid: 20784 } -> HidDeviceInfo { vendor_id: 3314, product_id: 20784 }
2026-09-19T23:00:46.840371685+01:00 - Applying lighting command
2026-09-19T23:00:46.840408258+01:00 - Setting feature in lighting
2026-09-19T23:00:46.840413500+01:00 - Setting device feature after initialzing buf
2026-09-19T23:00:46.840417291+01:00 - Set feature called
2026-09-19T23:00:46.840425103+01:00 - HidDevice { inner: HidDevice { .. }, vid: 3314, pid: 20784 } -> HidDeviceInfo { vendor_id: 3314, product_id: 20784 }
2026-09-19T23:00:46.878083391+01:00 - Applying lighting command
2026-09-19T23:00:46.878134188+01:00 - Setting feature in lighting
2026-09-19T23:00:46.878144735+01:00 - Setting device feature after initialzing buf
2026-09-19T23:00:46.878152589+01:00 - Set feature called
2026-09-19T23:00:46.878166938+01:00 - HidDevice { inner: HidDevice { .. }, vid: 3314, pid: 20784 } -> HidDeviceInfo { vendor_id: 3314, product_id: 20784 }
2026-09-19T23:00:46.907856806+01:00 - Applying lighting command
2026-09-19T23:00:46.907911458+01:00 - Setting feature in lighting
2026-09-19T23:00:46.907923209+01:00 - Setting device feature after initialzing buf
2026-09-19T23:00:46.907931327+01:00 - Set feature called
2026-09-19T23:00:46.907945181+01:00 - HidDevice { inner: HidDevice { .. }, vid: 3314, pid: 20784 } -> HidDeviceInfo { vendor_id: 3314, product_id: 20784 }
2026-09-19T23:00:46.939727053+01:00 - Applying lighting command
2026-09-19T23:00:46.939777680+01:00 - Setting feature in lighting
2026-09-19T23:00:46.939787400+01:00 - Setting device feature after initialzing buf
2026-09-19T23:00:46.939794915+01:00 - Set feature called
2026-09-19T23:00:46.939807466+01:00 - HidDevice { inner: HidDevice { .. }, vid: 3314, pid: 20784 } -> HidDeviceInfo { vendor_id: 3314, product_id: 20784 }
2026-09-19T23:00:46.970082423+01:00 - Applying lighting command
2026-09-19T23:00:46.970125305+01:00 - Setting feature in lighting
2026-09-19T23:00:46.970135459+01:00 - Setting device feature after initialzing buf
2026-09-19T23:00:46.970143386+01:00 - Set feature called
2026-09-19T23:00:46.970156984+01:00 - HidDevice { inner: HidDevice { .. }, vid: 3314, pid: 20784 } -> HidDeviceInfo { vendor_id: 3314, product_id: 20784 }
2026-09-19T23:00:46.999188348+01:00 - Applying lighting command
2026-09-19T23:00:46.999228593+01:00 - Setting feature in lighting
2026-09-19T23:00:46.999238510+01:00 - Setting device feature after initialzing buf
2026-09-19T23:00:46.999246458+01:00 - Set feature called
2026-09-19T23:00:46.999259688+01:00 - HidDevice { inner: HidDevice { .. }, vid: 3314, pid: 20784 } -> HidDeviceInfo { vendor_id: 3314, product_id: 20784 }
2026-09-19T23:00:47.030098788+01:00 - Applying lighting command
2026-09-19T23:00:47.030140083+01:00 - Setting feature in lighting
2026-09-19T23:00:47.030150266+01:00 - Setting device feature after initialzing buf
2026-09-19T23:00:47.030158279+01:00 - Set feature called
2026-09-19T23:00:47.030172217+01:00 - HidDevice { inner: HidDevice { .. }, vid: 3314, pid: 20784 } -> HidDeviceInfo { vendor_id: 3314, product_id: 20784 }
2026-09-19T23:00:47.059469791+01:00 - Applying lighting command
2026-09-19T23:00:47.059508714+01:00 - Setting feature in lighting
2026-09-19T23:00:47.059518911+01:00 - Setting device feature after initialzing buf
2026-09-19T23:00:47.059526779+01:00 - Set feature called
2026-09-19T23:00:47.059539598+01:00 - HidDevice { inner: HidDevice { .. }, vid: 3314, pid: 20784 } -> HidDeviceInfo { vendor_id: 3314, product_id: 20784 }
2026-09-19T23:00:47.091952875+01:00 - Applying lighting command
2026-09-19T23:00:47.092010538+01:00 - Setting feature in lighting
2026-09-19T23:00:47.092020880+01:00 - Setting device feature after initialzing buf
2026-09-19T23:00:47.092028690+01:00 - Set feature called
2026-09-19T23:00:47.092042656+01:00 - HidDevice { inner: HidDevice { .. }, vid: 3314, pid: 20784 } -> HidDeviceInfo { vendor_id: 3314, product_id: 20784 }
2026-09-19T23:00:47.124762699+01:00 - Applying lighting command
2026-09-19T23:00:47.124808625+01:00 - Setting feature in lighting
2026-09-19T23:00:47.124818716+01:00 - Setting device feature after initialzing buf
2026-09-19T23:00:47.124826597+01:00 - Set feature called
2026-09-19T23:00:47.124840089+01:00 - HidDevice { inner: HidDevice { .. }, vid: 3314, pid: 20784 } -> HidDeviceInfo { vendor_id: 3314, product_id: 20784 }
2026-09-19T23:00:47.158318557+01:00 - Applying lighting command
2026-09-19T23:00:47.158360535+01:00 - Setting feature in lighting
2026-09-19T23:00:47.158370691+01:00 - Setting device feature after initialzing buf
2026-09-19T23:00:47.158378786+01:00 - Set feature called
2026-09-19T23:00:47.158392374+01:00 - HidDevice { inner: HidDevice { .. }, vid: 3314, pid: 20784 } -> HidDeviceInfo { vendor_id: 3314, product_id: 20784 }
2026-09-19T23:00:47.191196980+01:00 - Applying lighting command
2026-09-19T23:00:47.191247446+01:00 - Setting feature in lighting
2026-09-19T23:00:47.191257491+01:00 - Setting device feature after initialzing buf
2026-09-19T23:00:47.191265195+01:00 - Set feature called
2026-09-19T23:00:47.191279810+01:00 - HidDevice { inner: HidDevice { .. }, vid: 3314, pid: 20784 } -> HidDeviceInfo { vendor_id: 3314, product_id: 20784 }
2026-09-19T23:00:47.222506207+01:00 - Applying lighting command
2026-09-19T23:00:47.222555161+01:00 - Setting feature in lighting
2026-09-19T23:00:47.222560629+01:00 - Setting device feature after initialzing buf
2026-09-19T23:00:47.222564478+01:00 - Set feature called
2026-09-19T23:00:47.222573202+01:00 - HidDevice { inner: HidDevice { .. }, vid: 3314, pid: 20784 } -> HidDeviceInfo { vendor_id: 3314, product_id: 20784 }
2026-09-19T23:00:47.257212456+01:00 - Applying lighting command
2026-09-19T23:00:47.257261436+01:00 - Setting feature in lighting
2026-09-19T23:00:47.257270472+01:00 - Setting device feature after initialzing buf
2026-09-19T23:00:47.257278468+01:00 - Set feature called
2026-09-19T23:00:47.257292482+01:00 - HidDevice { inner: HidDevice { .. }, vid: 3314, pid: 20784 } -> HidDeviceInfo { vendor_id: 3314, product_id: 20784 }
2026-09-19T23:00:47.290022475+01:00 - Applying lighting command
2026-09-19T23:00:47.290071296+01:00 - Setting feature in lighting
2026-09-19T23:00:47.290080491+01:00 - Setting device feature after initialzing buf
2026-09-19T23:00:47.290088557+01:00 - Set feature called
2026-09-19T23:00:47.290102881+01:00 - HidDevice { inner: HidDevice { .. }, vid: 3314, pid: 20784 } -> HidDeviceInfo { vendor_id: 3314, product_id: 20784 }
2026-09-19T23:00:47.323168387+01:00 - Applying lighting command
2026-09-19T23:00:47.323203991+01:00 - Setting feature in lighting
2026-09-19T23:00:47.323213129+01:00 - Setting device feature after initialzing buf
2026-09-19T23:00:47.323220961+01:00 - Set feature called
2026-09-19T23:00:47.323233517+01:00 - HidDevice { inner: HidDevice { .. }, vid: 3314, pid: 20784 } -> HidDeviceInfo { vendor_id: 3314, product_id: 20784 }
2026-09-19T23:00:47.353903780+01:00 - Applying lighting command
2026-09-19T23:00:47.353942117+01:00 - Setting feature in lighting
2026-09-19T23:00:47.353952691+01:00 - Setting device feature after initialzing buf
2026-09-19T23:00:47.353961113+01:00 - Set feature called
2026-09-19T23:00:47.353974652+01:00 - HidDevice { inner: HidDevice { .. }, vid: 3314, pid: 20784 } -> HidDeviceInfo { vendor_id: 3314, product_id: 20784 }
2026-09-19T23:00:47.389088767+01:00 - Applying lighting command
2026-09-19T23:00:47.389127635+01:00 - Setting feature in lighting
2026-09-19T23:00:47.389137601+01:00 - Setting device feature after initialzing buf
2026-09-19T23:00:47.389145511+01:00 - Set feature called
2026-09-19T23:00:47.389158812+01:00 - HidDevice { inner: HidDevice { .. }, vid: 3314, pid: 20784 } -> HidDeviceInfo { vendor_id: 3314, product_id: 20784 }
2026-09-19T23:00:47.422734390+01:00 - Applying lighting command
2026-09-19T23:00:47.422769791+01:00 - Setting feature in lighting
2026-09-19T23:00:47.422777971+01:00 - Setting device feature after initialzing buf
2026-09-19T23:00:47.422784383+01:00 - Set feature called
2026-09-19T23:00:47.422795393+01:00 - HidDevice { inner: HidDevice { .. }, vid: 3314, pid: 20784 } -> HidDeviceInfo { vendor_id: 3314, product_id: 20784 }
2026-09-19T23:00:47.452599516+01:00 - Applying lighting command
2026-09-19T23:00:47.452641974+01:00 - Setting feature in lighting
2026-09-19T23:00:47.452652446+01:00 - Setting device feature after initialzing buf
2026-09-19T23:00:47.452660535+01:00 - Set feature called
2026-09-19T23:00:47.452674242+01:00 - HidDevice { inner: HidDevice { .. }, vid: 3314, pid: 20784 } -> HidDeviceInfo { vendor_id: 3314, product_id: 20784 }
2026-09-19T23:00:47.482611476+01:00 - Applying lighting command
2026-09-19T23:00:47.482662187+01:00 - Setting feature in lighting
2026-09-19T23:00:47.482672425+01:00 - Setting device feature after initialzing buf
2026-09-19T23:00:47.482680530+01:00 - Set feature called
2026-09-19T23:00:47.482694358+01:00 - HidDevice { inner: HidDevice { .. }, vid: 3314, pid: 20784 } -> HidDeviceInfo { vendor_id: 3314, product_id: 20784 }
2026-09-19T23:00:47.512698527+01:00 - Applying lighting command
2026-09-19T23:00:47.512740111+01:00 - Setting feature in lighting
2026-09-19T23:00:47.512757528+01:00 - Setting device feature after initialzing buf
2026-09-19T23:00:47.512765592+01:00 - Set feature called
2026-09-19T23:00:47.512779113+01:00 - HidDevice { inner: HidDevice { .. }, vid: 3314, pid: 20784 } -> HidDeviceInfo { vendor_id: 3314, product_id: 20784 }
2026-09-19T23:00:47.542184292+01:00 - Applying lighting command
2026-09-19T23:00:47.542222468+01:00 - Setting feature in lighting
2026-09-19T23:00:47.542244312+01:00 - Setting device feature after initialzing buf
2026-09-19T23:00:47.542252637+01:00 - Set feature called
2026-09-19T23:00:47.542265972+01:00 - HidDevice { inner: HidDevice { .. }, vid: 3314, pid: 20784 } -> HidDeviceInfo { vendor_id: 3314, product_id: 20784 }
2026-09-19T23:00:47.573541726+01:00 - Applying lighting command
2026-09-19T23:00:47.573597022+01:00 - Setting feature in lighting
2026-09-19T23:00:47.573607246+01:00 - Setting device feature after initialzing buf
2026-09-19T23:00:47.573615275+01:00 - Set feature called
2026-09-19T23:00:47.573630251+01:00 - HidDevice { inner: HidDevice { .. }, vid: 3314, pid: 20784 } -> HidDeviceInfo { vendor_id: 3314, product_id: 20784 }
2026-09-19T23:00:47.606234439+01:00 - Applying lighting command
2026-09-19T23:00:47.606272239+01:00 - Setting feature in lighting
2026-09-19T23:00:47.606279386+01:00 - Setting device feature after initialzing buf
2026-09-19T23:00:47.606284589+01:00 - Set feature called
2026-09-19T23:00:47.606294060+01:00 - HidDevice { inner: HidDevice { .. }, vid: 3314, pid: 20784 } -> HidDeviceInfo { vendor_id: 3314, product_id: 20784 }
2026-09-19T23:00:47.642266598+01:00 - Applying lighting command
2026-09-19T23:00:47.642310213+01:00 - Setting feature in lighting
2026-09-19T23:00:47.642318394+01:00 - Setting device feature after initialzing buf
2026-09-19T23:00:47.642324967+01:00 - Set feature called
2026-09-19T23:00:47.642336797+01:00 - HidDevice { inner: HidDevice { .. }, vid: 3314, pid: 20784 } -> HidDeviceInfo { vendor_id: 3314, product_id: 20784 }
2026-09-19T23:00:47.667870550+01:00 - Applying lighting command
2026-09-19T23:00:47.667924859+01:00 - Setting feature in lighting
2026-09-19T23:00:47.667935377+01:00 - Setting device feature after initialzing buf
2026-09-19T23:00:47.667943644+01:00 - Set feature called
2026-09-19T23:00:47.667957988+01:00 - HidDevice { inner: HidDevice { .. }, vid: 3314, pid: 20784 } -> HidDeviceInfo { vendor_id: 3314, product_id: 20784 }
2026-09-19T23:00:47.698584747+01:00 - Applying lighting command
2026-09-19T23:00:47.698629236+01:00 - Setting feature in lighting
2026-09-19T23:00:47.698639330+01:00 - Setting device feature after initialzing buf
2026-09-19T23:00:47.698647177+01:00 - Set feature called
2026-09-19T23:00:47.698661021+01:00 - HidDevice { inner: HidDevice { .. }, vid: 3314, pid: 20784 } -> HidDeviceInfo { vendor_id: 3314, product_id: 20784 }
2026-09-19T23:00:47.727994768+01:00 - Applying lighting command
2026-09-19T23:00:47.728045898+01:00 - Setting feature in lighting
2026-09-19T23:00:47.728056392+01:00 - Setting device feature after initialzing buf
2026-09-19T23:00:47.728064276+01:00 - Set feature called
2026-09-19T23:00:47.728077898+01:00 - HidDevice { inner: HidDevice { .. }, vid: 3314, pid: 20784 } -> HidDeviceInfo { vendor_id: 3314, product_id: 20784 }
2026-09-19T23:00:47.758868384+01:00 - Applying lighting command
2026-09-19T23:00:47.758922656+01:00 - Setting feature in lighting
2026-09-19T23:00:47.758930795+01:00 - Setting device feature after initialzing buf
2026-09-19T23:00:47.758937310+01:00 - Set feature called
2026-09-19T23:00:47.758949026+01:00 - HidDevice { inner: HidDevice { .. }, vid: 3314, pid: 20784 } -> HidDeviceInfo { vendor_id: 3314, product_id: 20784 }
2026-09-19T23:00:47.794060889+01:00 - Applying lighting command
2026-09-19T23:00:47.794106240+01:00 - Setting feature in lighting
2026-09-19T23:00:47.794116753+01:00 - Setting device feature after initialzing buf
2026-09-19T23:00:47.794124896+01:00 - Set feature called
2026-09-19T23:00:47.794138533+01:00 - HidDevice { inner: HidDevice { .. }, vid: 3314, pid: 20784 } -> HidDeviceInfo { vendor_id: 3314, product_id: 20784 }
2026-09-19T23:00:47.824881368+01:00 - Applying lighting command
2026-09-19T23:00:47.824937169+01:00 - Setting feature in lighting
2026-09-19T23:00:47.824947577+01:00 - Setting device feature after initialzing buf
2026-09-19T23:00:47.824955468+01:00 - Set feature called
2026-09-19T23:00:47.824969438+01:00 - HidDevice { inner: HidDevice { .. }, vid: 3314, pid: 20784 } -> HidDeviceInfo { vendor_id: 3314, product_id: 20784 }
2026-09-19T23:00:47.853880591+01:00 - Applying lighting command
2026-09-19T23:00:47.853919826+01:00 - Setting feature in lighting
2026-09-19T23:00:47.853924978+01:00 - Setting device feature after initialzing buf
2026-09-19T23:00:47.853929047+01:00 - Set feature called
2026-09-19T23:00:47.853936654+01:00 - HidDevice { inner: HidDevice { .. }, vid: 3314, pid: 20784 } -> HidDeviceInfo { vendor_id: 3314, product_id: 20784 }
2026-09-19T23:00:48.602568495+01:00 - Applying lighting command
2026-09-19T23:00:48.602651704+01:00 - Setting feature in lighting
2026-09-19T23:00:48.602662592+01:00 - Setting device feature after initialzing buf
2026-09-19T23:00:48.602670931+01:00 - Set feature called
2026-09-19T23:00:48.602689003+01:00 - HidDevice { inner: HidDevice { .. }, vid: 3314, pid: 20784 } -> HidDeviceInfo { vendor_id: 3314, product_id: 20784 }
2026-09-19T23:00:49.007157664+01:00 - Applying lighting command
2026-09-19T23:00:49.007224436+01:00 - Setting feature in lighting
2026-09-19T23:00:49.007235077+01:00 - Setting device feature after initialzing buf
2026-09-19T23:00:49.007243448+01:00 - Set feature called
2026-09-19T23:00:49.007259039+01:00 - HidDevice { inner: HidDevice { .. }, vid: 3314, pid: 20784 } -> HidDeviceInfo { vendor_id: 3314, product_id: 20784 }
2026-09-19T23:00:49.209961160+01:00 - Applying lighting command
2026-09-19T23:00:49.210030052+01:00 - Setting feature in lighting
2026-09-19T23:00:49.210040427+01:00 - Setting device feature after initialzing buf
2026-09-19T23:00:49.210048645+01:00 - Set feature called
2026-09-19T23:00:49.210064396+01:00 - HidDevice { inner: HidDevice { .. }, vid: 3314, pid: 20784 } -> HidDeviceInfo { vendor_id: 3314, product_id: 20784 }
2026-09-19T23:00:49.412076196+01:00 - Applying lighting command
2026-09-19T23:00:49.412155942+01:00 - Setting feature in lighting
2026-09-19T23:00:49.412166514+01:00 - Setting device feature after initialzing buf
2026-09-19T23:00:49.412174935+01:00 - Set feature called
2026-09-19T23:00:49.412192043+01:00 - HidDevice { inner: HidDevice { .. }, vid: 3314, pid: 20784 } -> HidDeviceInfo { vendor_id: 3314, product_id: 20784 }
2026-09-19T23:00:49.592568203+01:00 - Applying lighting command
2026-09-19T23:00:49.592663778+01:00 - Setting feature in lighting
2026-09-19T23:00:49.592675055+01:00 - Setting device feature after initialzing buf
2026-09-19T23:00:49.592683553+01:00 - Set feature called
2026-09-19T23:00:49.592701664+01:00 - HidDevice { inner: HidDevice { .. }, vid: 3314, pid: 20784 } -> HidDeviceInfo { vendor_id: 3314, product_id: 20784 }
2026-09-19T23:00:49.774944280+01:00 - Applying lighting command
2026-09-19T23:00:49.775009752+01:00 - Setting feature in lighting
2026-09-19T23:00:49.775017480+01:00 - Setting device feature after initialzing buf
2026-09-19T23:00:49.775023297+01:00 - Set feature called
2026-09-19T23:00:49.775035230+01:00 - HidDevice { inner: HidDevice { .. }, vid: 3314, pid: 20784 } -> HidDeviceInfo { vendor_id: 3314, product_id: 20784 }
2026-09-19T23:00:49.952391269+01:00 - Applying lighting command
2026-09-19T23:00:49.952504841+01:00 - Setting feature in lighting
2026-09-19T23:00:49.952515632+01:00 - Setting device feature after initialzing buf
2026-09-19T23:00:49.952524028+01:00 - Set feature called
2026-09-19T23:00:49.952544727+01:00 - HidDevice { inner: HidDevice { .. }, vid: 3314, pid: 20784 } -> HidDeviceInfo { vendor_id: 3314, product_id: 20784 }
2026-09-19T23:00:50.452352458+01:00 - Applying lighting command
2026-09-19T23:00:50.452462582+01:00 - Setting feature in lighting
2026-09-19T23:00:50.452474134+01:00 - Setting device feature after initialzing buf
2026-09-19T23:00:50.452482476+01:00 - Set feature called
2026-09-19T23:00:50.452502086+01:00 - HidDevice { inner: HidDevice { .. }, vid: 3314, pid: 20784 } -> HidDeviceInfo { vendor_id: 3314, product_id: 20784 }
2026-09-19T23:00:50.481945321+01:00 - Applying lighting command
2026-09-19T23:00:50.481972867+01:00 - Setting feature in lighting
2026-09-19T23:00:50.481978190+01:00 - Setting device feature after initialzing buf
2026-09-19T23:00:50.481982137+01:00 - Set feature called
2026-09-19T23:00:50.481996690+01:00 - HidDevice { inner: HidDevice { .. }, vid: 3314, pid: 20784 } -> HidDeviceInfo { vendor_id: 3314, product_id: 20784 }
2026-09-19T23:00:50.516742009+01:00 - Applying lighting command
2026-09-19T23:00:50.516779276+01:00 - Setting feature in lighting
2026-09-19T23:00:50.516789642+01:00 - Setting device feature after initialzing buf
2026-09-19T23:00:50.516797670+01:00 - Set feature called
2026-09-19T23:00:50.516810760+01:00 - HidDevice { inner: HidDevice { .. }, vid: 3314, pid: 20784 } -> HidDeviceInfo { vendor_id: 3314, product_id: 20784 }
2026-09-19T23:00:50.547032937+01:00 - Applying lighting command
2026-09-19T23:00:50.547080682+01:00 - Setting feature in lighting
2026-09-19T23:00:50.547090761+01:00 - Setting device feature after initialzing buf
2026-09-19T23:00:50.547098759+01:00 - Set feature called
2026-09-19T23:00:50.547112796+01:00 - HidDevice { inner: HidDevice { .. }, vid: 3314, pid: 20784 } -> HidDeviceInfo { vendor_id: 3314, product_id: 20784 }
2026-09-19T23:00:50.579421692+01:00 - Applying lighting command
2026-09-19T23:00:50.579469437+01:00 - Setting feature in lighting
2026-09-19T23:00:50.579479216+01:00 - Setting device feature after initialzing buf
2026-09-19T23:00:50.579486925+01:00 - Set feature called
2026-09-19T23:00:50.579500495+01:00 - HidDevice { inner: HidDevice { .. }, vid: 3314, pid: 20784 } -> HidDeviceInfo { vendor_id: 3314, product_id: 20784 }
2026-09-19T23:00:50.611241241+01:00 - Applying lighting command
2026-09-19T23:00:50.611299570+01:00 - Setting feature in lighting
2026-09-19T23:00:50.611309192+01:00 - Setting device feature after initialzing buf
2026-09-19T23:00:50.611316721+01:00 - Set feature called
2026-09-19T23:00:50.611330328+01:00 - HidDevice { inner: HidDevice { .. }, vid: 3314, pid: 20784 } -> HidDeviceInfo { vendor_id: 3314, product_id: 20784 }
2026-09-19T23:00:50.644597372+01:00 - Applying lighting command
2026-09-19T23:00:50.644640944+01:00 - Setting feature in lighting
2026-09-19T23:00:50.644651463+01:00 - Setting device feature after initialzing buf
2026-09-19T23:00:50.644659413+01:00 - Set feature called
2026-09-19T23:00:50.644672718+01:00 - HidDevice { inner: HidDevice { .. }, vid: 3314, pid: 20784 } -> HidDeviceInfo { vendor_id: 3314, product_id: 20784 }
2026-09-19T23:00:50.683537479+01:00 - Applying lighting command
2026-09-19T23:00:50.683578329+01:00 - Setting feature in lighting
2026-09-19T23:00:50.683583186+01:00 - Setting device feature after initialzing buf
2026-09-19T23:00:50.683587142+01:00 - Set feature called
2026-09-19T23:00:50.683594767+01:00 - HidDevice { inner: HidDevice { .. }, vid: 3314, pid: 20784 } -> HidDeviceInfo { vendor_id: 3314, product_id: 20784 }
2026-09-19T23:00:50.712954651+01:00 - Applying lighting command
2026-09-19T23:00:50.712981792+01:00 - Setting feature in lighting
2026-09-19T23:00:50.712988103+01:00 - Setting device feature after initialzing buf
2026-09-19T23:00:50.712993177+01:00 - Set feature called
2026-09-19T23:00:50.713001792+01:00 - HidDevice { inner: HidDevice { .. }, vid: 3314, pid: 20784 } -> HidDeviceInfo { vendor_id: 3314, product_id: 20784 }
2026-09-19T23:00:50.743321469+01:00 - Applying lighting command
2026-09-19T23:00:50.743362776+01:00 - Setting feature in lighting
2026-09-19T23:00:50.743372752+01:00 - Setting device feature after initialzing buf
2026-09-19T23:00:50.743380717+01:00 - Set feature called
2026-09-19T23:00:50.743394038+01:00 - HidDevice { inner: HidDevice { .. }, vid: 3314, pid: 20784 } -> HidDeviceInfo { vendor_id: 3314, product_id: 20784 }
2026-09-19T23:00:50.779641114+01:00 - Applying lighting command
2026-09-19T23:00:50.779694240+01:00 - Setting feature in lighting
2026-09-19T23:00:50.779704754+01:00 - Setting device feature after initialzing buf
2026-09-19T23:00:50.779712758+01:00 - Set feature called
2026-09-19T23:00:50.779726202+01:00 - HidDevice { inner: HidDevice { .. }, vid: 3314, pid: 20784 } -> HidDeviceInfo { vendor_id: 3314, product_id: 20784 }
2026-09-19T23:00:50.810608494+01:00 - Applying lighting command
2026-09-19T23:00:50.810654938+01:00 - Setting feature in lighting
2026-09-19T23:00:50.810676053+01:00 - Setting device feature after initialzing buf
2026-09-19T23:00:50.810687093+01:00 - Set feature called
2026-09-19T23:00:50.810700990+01:00 - HidDevice { inner: HidDevice { .. }, vid: 3314, pid: 20784 } -> HidDeviceInfo { vendor_id: 3314, product_id: 20784 }
2026-09-19T23:00:50.842864957+01:00 - Applying lighting command
2026-09-19T23:00:50.842913361+01:00 - Setting feature in lighting
2026-09-19T23:00:50.842924720+01:00 - Setting device feature after initialzing buf
2026-09-19T23:00:50.842933124+01:00 - Set feature called
2026-09-19T23:00:50.842946604+01:00 - HidDevice { inner: HidDevice { .. }, vid: 3314, pid: 20784 } -> HidDeviceInfo { vendor_id: 3314, product_id: 20784 }
2026-09-19T23:00:50.873016008+01:00 - Applying lighting command
2026-09-19T23:00:50.873067466+01:00 - Setting feature in lighting
2026-09-19T23:00:50.873077936+01:00 - Setting device feature after initialzing buf
2026-09-19T23:00:50.873085870+01:00 - Set feature called
2026-09-19T23:00:50.873099890+01:00 - HidDevice { inner: HidDevice { .. }, vid: 3314, pid: 20784 } -> HidDeviceInfo { vendor_id: 3314, product_id: 20784 }
2026-09-19T23:00:50.903230169+01:00 - Applying lighting command
2026-09-19T23:00:50.903276247+01:00 - Setting feature in lighting
2026-09-19T23:00:50.903286501+01:00 - Setting device feature after initialzing buf
2026-09-19T23:00:50.903294481+01:00 - Set feature called
2026-09-19T23:00:50.903307566+01:00 - HidDevice { inner: HidDevice { .. }, vid: 3314, pid: 20784 } -> HidDeviceInfo { vendor_id: 3314, product_id: 20784 }
2026-09-19T23:00:50.933329957+01:00 - Applying lighting command
2026-09-19T23:00:50.933375744+01:00 - Setting feature in lighting
2026-09-19T23:00:50.933385833+01:00 - Setting device feature after initialzing buf
2026-09-19T23:00:50.933393859+01:00 - Set feature called
2026-09-19T23:00:50.933407421+01:00 - HidDevice { inner: HidDevice { .. }, vid: 3314, pid: 20784 } -> HidDeviceInfo { vendor_id: 3314, product_id: 20784 }
2026-09-19T23:00:50.963512272+01:00 - Applying lighting command
2026-09-19T23:00:50.963557270+01:00 - Setting feature in lighting
2026-09-19T23:00:50.963567345+01:00 - Setting device feature after initialzing buf
2026-09-19T23:00:50.963575222+01:00 - Set feature called
2026-09-19T23:00:50.963588688+01:00 - HidDevice { inner: HidDevice { .. }, vid: 3314, pid: 20784 } -> HidDeviceInfo { vendor_id: 3314, product_id: 20784 }
2026-09-19T23:00:50.992638560+01:00 - Applying lighting command
2026-09-19T23:00:50.992680955+01:00 - Setting feature in lighting
2026-09-19T23:00:50.992691324+01:00 - Setting device feature after initialzing buf
2026-09-19T23:00:50.992699521+01:00 - Set feature called
2026-09-19T23:00:50.992712915+01:00 - HidDevice { inner: HidDevice { .. }, vid: 3314, pid: 20784 } -> HidDeviceInfo { vendor_id: 3314, product_id: 20784 }
2026-09-19T23:00:51.145027+01:00 - Applying lighting command
2026-09-19T23:00:51.145081314+01:00 - Setting feature in lighting
2026-09-19T23:00:51.145086587+01:00 - Setting device feature after initialzing buf
2026-09-19T23:00:51.145090685+01:00 - Set feature called
2026-09-19T23:00:51.145100540+01:00 - HidDevice { inner: HidDevice { .. }, vid: 3314, pid: 20784 } -> HidDeviceInfo { vendor_id: 3314, product_id: 20784 }
2026-09-19T23:00:51.645130528+01:00 - Applying lighting command
2026-09-19T23:00:51.645242018+01:00 - Setting feature in lighting
2026-09-19T23:00:51.645253050+01:00 - Setting device feature after initialzing buf
2026-09-19T23:00:51.645261385+01:00 - Set feature called
2026-09-19T23:00:51.645281371+01:00 - HidDevice { inner: HidDevice { .. }, vid: 3314, pid: 20784 } -> HidDeviceInfo { vendor_id: 3314, product_id: 20784 }
2026-09-19T23:00:51.675665016+01:00 - Applying lighting command
2026-09-19T23:00:51.675711448+01:00 - Setting feature in lighting
2026-09-19T23:00:51.675721252+01:00 - Setting device feature after initialzing buf
2026-09-19T23:00:51.675729866+01:00 - Set feature called
2026-09-19T23:00:51.675743451+01:00 - HidDevice { inner: HidDevice { .. }, vid: 3314, pid: 20784 } -> HidDeviceInfo { vendor_id: 3314, product_id: 20784 }
2026-09-19T23:00:51.711134026+01:00 - Applying lighting command
2026-09-19T23:00:51.711168407+01:00 - Setting feature in lighting
2026-09-19T23:00:51.711176391+01:00 - Setting device feature after initialzing buf
2026-09-19T23:00:51.711182754+01:00 - Set feature called
2026-09-19T23:00:51.711193436+01:00 - HidDevice { inner: HidDevice { .. }, vid: 3314, pid: 20784 } -> HidDeviceInfo { vendor_id: 3314, product_id: 20784 }
2026-09-19T23:00:51.744936324+01:00 - Applying lighting command
2026-09-19T23:00:51.744982968+01:00 - Setting feature in lighting
2026-09-19T23:00:51.744993334+01:00 - Setting device feature after initialzing buf
2026-09-19T23:00:51.745001249+01:00 - Set feature called
2026-09-19T23:00:51.745015056+01:00 - HidDevice { inner: HidDevice { .. }, vid: 3314, pid: 20784 } -> HidDeviceInfo { vendor_id: 3314, product_id: 20784 }
2026-09-19T23:00:51.780828170+01:00 - Applying lighting command
2026-09-19T23:00:51.780903685+01:00 - Setting feature in lighting
2026-09-19T23:00:51.780915441+01:00 - Setting device feature after initialzing buf
2026-09-19T23:00:51.780923672+01:00 - Set feature called
2026-09-19T23:00:51.780938465+01:00 - HidDevice { inner: HidDevice { .. }, vid: 3314, pid: 20784 } -> HidDeviceInfo { vendor_id: 3314, product_id: 20784 }
2026-09-19T23:00:51.817632354+01:00 - Applying lighting command
2026-09-19T23:00:51.817693305+01:00 - Setting feature in lighting
2026-09-19T23:00:51.817701253+01:00 - Setting device feature after initialzing buf
2026-09-19T23:00:51.817708008+01:00 - Set feature called
2026-09-19T23:00:51.817721078+01:00 - HidDevice { inner: HidDevice { .. }, vid: 3314, pid: 20784 } -> HidDeviceInfo { vendor_id: 3314, product_id: 20784 }
2026-09-19T23:00:51.851039976+01:00 - Applying lighting command
2026-09-19T23:00:51.851093354+01:00 - Setting feature in lighting
2026-09-19T23:00:51.851103216+01:00 - Setting device feature after initialzing buf
2026-09-19T23:00:51.851111068+01:00 - Set feature called
2026-09-19T23:00:51.851124988+01:00 - HidDevice { inner: HidDevice { .. }, vid: 3314, pid: 20784 } -> HidDeviceInfo { vendor_id: 3314, product_id: 20784 }
2026-09-19T23:00:51.880595195+01:00 - Applying lighting command
2026-09-19T23:00:51.880642955+01:00 - Setting feature in lighting
2026-09-19T23:00:51.880653275+01:00 - Setting device feature after initialzing buf
2026-09-19T23:00:51.880661359+01:00 - Set feature called
2026-09-19T23:00:51.880674946+01:00 - HidDevice { inner: HidDevice { .. }, vid: 3314, pid: 20784 } -> HidDeviceInfo { vendor_id: 3314, product_id: 20784 }
2026-09-19T23:00:51.913023078+01:00 - Applying lighting command
2026-09-19T23:00:51.913068315+01:00 - Setting feature in lighting
2026-09-19T23:00:51.913078238+01:00 - Setting device feature after initialzing buf
2026-09-19T23:00:51.913086170+01:00 - Set feature called
2026-09-19T23:00:51.913099775+01:00 - HidDevice { inner: HidDevice { .. }, vid: 3314, pid: 20784 } -> HidDeviceInfo { vendor_id: 3314, product_id: 20784 }
2026-09-19T23:00:51.946545782+01:00 - Applying lighting command
2026-09-19T23:00:51.946594635+01:00 - Setting feature in lighting
2026-09-19T23:00:51.946604973+01:00 - Setting device feature after initialzing buf
2026-09-19T23:00:51.946612828+01:00 - Set feature called
2026-09-19T23:00:51.946626647+01:00 - HidDevice { inner: HidDevice { .. }, vid: 3314, pid: 20784 } -> HidDeviceInfo { vendor_id: 3314, product_id: 20784 }
2026-09-19T23:00:51.979480723+01:00 - Applying lighting command
2026-09-19T23:00:51.979521481+01:00 - Setting feature in lighting
2026-09-19T23:00:51.979531560+01:00 - Setting device feature after initialzing buf
2026-09-19T23:00:51.979539912+01:00 - Set feature called
2026-09-19T23:00:51.979553189+01:00 - HidDevice { inner: HidDevice { .. }, vid: 3314, pid: 20784 } -> HidDeviceInfo { vendor_id: 3314, product_id: 20784 }
2026-09-19T23:00:52.017448960+01:00 - Applying lighting command
2026-09-19T23:00:52.017476684+01:00 - Setting feature in lighting
2026-09-19T23:00:52.017481698+01:00 - Setting device feature after initialzing buf
2026-09-19T23:00:52.017494666+01:00 - Set feature called
2026-09-19T23:00:52.017501782+01:00 - HidDevice { inner: HidDevice { .. }, vid: 3314, pid: 20784 } -> HidDeviceInfo { vendor_id: 3314, product_id: 20784 }
2026-09-19T23:00:52.047856102+01:00 - Applying lighting command
2026-09-19T23:00:52.047908688+01:00 - Setting feature in lighting
2026-09-19T23:00:52.047920219+01:00 - Setting device feature after initialzing buf
2026-09-19T23:00:52.047928522+01:00 - Set feature called
2026-09-19T23:00:52.047942071+01:00 - HidDevice { inner: HidDevice { .. }, vid: 3314, pid: 20784 } -> HidDeviceInfo { vendor_id: 3314, product_id: 20784 }
2026-09-19T23:00:52.079874487+01:00 - Applying lighting command
2026-09-19T23:00:52.079931841+01:00 - Setting feature in lighting
2026-09-19T23:00:52.079942914+01:00 - Setting device feature after initialzing buf
2026-09-19T23:00:52.079950793+01:00 - Set feature called
2026-09-19T23:00:52.079964667+01:00 - HidDevice { inner: HidDevice { .. }, vid: 3314, pid: 20784 } -> HidDeviceInfo { vendor_id: 3314, product_id: 20784 }
2026-09-19T23:00:52.117503865+01:00 - Applying lighting command
2026-09-19T23:00:52.117544454+01:00 - Setting feature in lighting
2026-09-19T23:00:52.117554779+01:00 - Setting device feature after initialzing buf
2026-09-19T23:00:52.117562673+01:00 - Set feature called
2026-09-19T23:00:52.117576074+01:00 - HidDevice { inner: HidDevice { .. }, vid: 3314, pid: 20784 } -> HidDeviceInfo { vendor_id: 3314, product_id: 20784 }
2026-09-19T23:00:52.146547910+01:00 - Applying lighting command
2026-09-19T23:00:52.146590890+01:00 - Setting feature in lighting
2026-09-19T23:00:52.146606210+01:00 - Setting device feature after initialzing buf
2026-09-19T23:00:52.146614506+01:00 - Set feature called
2026-09-19T23:00:52.146627964+01:00 - HidDevice { inner: HidDevice { .. }, vid: 3314, pid: 20784 } -> HidDeviceInfo { vendor_id: 3314, product_id: 20784 }
2026-09-19T23:00:52.179909926+01:00 - Applying lighting command
2026-09-19T23:00:52.179940600+01:00 - Setting feature in lighting
2026-09-19T23:00:52.179946669+01:00 - Setting device feature after initialzing buf
2026-09-19T23:00:52.179951284+01:00 - Set feature called
2026-09-19T23:00:52.179959309+01:00 - HidDevice { inner: HidDevice { .. }, vid: 3314, pid: 20784 } -> HidDeviceInfo { vendor_id: 3314, product_id: 20784 }
2026-09-19T23:00:52.217706804+01:00 - Applying lighting command
2026-09-19T23:00:52.217748676+01:00 - Setting feature in lighting
2026-09-19T23:00:52.217758927+01:00 - Setting device feature after initialzing buf
2026-09-19T23:00:52.217766912+01:00 - Set feature called
2026-09-19T23:00:52.217780211+01:00 - HidDevice { inner: HidDevice { .. }, vid: 3314, pid: 20784 } -> HidDeviceInfo { vendor_id: 3314, product_id: 20784 }
2026-09-19T23:00:52.247708391+01:00 - Applying lighting command
2026-09-19T23:00:52.247754903+01:00 - Setting feature in lighting
2026-09-19T23:00:52.247764888+01:00 - Setting device feature after initialzing buf
2026-09-19T23:00:52.247772741+01:00 - Set feature called
2026-09-19T23:00:52.247786331+01:00 - HidDevice { inner: HidDevice { .. }, vid: 3314, pid: 20784 } -> HidDeviceInfo { vendor_id: 3314, product_id: 20784 }
2026-09-19T23:00:52.280267829+01:00 - Applying lighting command
2026-09-19T23:00:52.280314189+01:00 - Setting feature in lighting
2026-09-19T23:00:52.280324567+01:00 - Setting device feature after initialzing buf
2026-09-19T23:00:52.280332671+01:00 - Set feature called
2026-09-19T23:00:52.280346517+01:00 - HidDevice { inner: HidDevice { .. }, vid: 3314, pid: 20784 } -> HidDeviceInfo { vendor_id: 3314, product_id: 20784 }
2026-09-19T23:00:52.318186107+01:00 - Applying lighting command
2026-09-19T23:00:52.318238572+01:00 - Setting feature in lighting
2026-09-19T23:00:52.318244802+01:00 - Setting device feature after initialzing buf
2026-09-19T23:00:52.318249330+01:00 - Set feature called
2026-09-19T23:00:52.318258684+01:00 - HidDevice { inner: HidDevice { .. }, vid: 3314, pid: 20784 } -> HidDeviceInfo { vendor_id: 3314, product_id: 20784 }
2026-09-19T23:00:52.349098880+01:00 - Applying lighting command
2026-09-19T23:00:52.349160529+01:00 - Setting feature in lighting
2026-09-19T23:00:52.349171329+01:00 - Setting device feature after initialzing buf
2026-09-19T23:00:52.349179400+01:00 - Set feature called
2026-09-19T23:00:52.349193349+01:00 - HidDevice { inner: HidDevice { .. }, vid: 3314, pid: 20784 } -> HidDeviceInfo { vendor_id: 3314, product_id: 20784 }
2026-09-19T23:00:52.380111937+01:00 - Applying lighting command
2026-09-19T23:00:52.380149846+01:00 - Setting feature in lighting
2026-09-19T23:00:52.380157155+01:00 - Setting device feature after initialzing buf
2026-09-19T23:00:52.380162652+01:00 - Set feature called
2026-09-19T23:00:52.380172262+01:00 - HidDevice { inner: HidDevice { .. }, vid: 3314, pid: 20784 } -> HidDeviceInfo { vendor_id: 3314, product_id: 20784 }
2026-09-19T23:00:52.413395535+01:00 - Applying lighting command
2026-09-19T23:00:52.413443029+01:00 - Setting feature in lighting
2026-09-19T23:00:52.413453045+01:00 - Setting device feature after initialzing buf
2026-09-19T23:00:52.413461002+01:00 - Set feature called
2026-09-19T23:00:52.413474626+01:00 - HidDevice { inner: HidDevice { .. }, vid: 3314, pid: 20784 } -> HidDeviceInfo { vendor_id: 3314, product_id: 20784 }
2026-09-19T23:00:52.446583960+01:00 - Applying lighting command
2026-09-19T23:00:52.446629732+01:00 - Setting feature in lighting
2026-09-19T23:00:52.446640+01:00 - Setting device feature after initialzing buf
2026-09-19T23:00:52.446648263+01:00 - Set feature called
2026-09-19T23:00:52.446662025+01:00 - HidDevice { inner: HidDevice { .. }, vid: 3314, pid: 20784 } -> HidDeviceInfo { vendor_id: 3314, product_id: 20784 }
2026-09-19T23:00:52.480275347+01:00 - Applying lighting command
2026-09-19T23:00:52.480322103+01:00 - Setting feature in lighting
2026-09-19T23:00:52.480332650+01:00 - Setting device feature after initialzing buf
2026-09-19T23:00:52.480340511+01:00 - Set feature called
2026-09-19T23:00:52.480353790+01:00 - HidDevice { inner: HidDevice { .. }, vid: 3314, pid: 20784 } -> HidDeviceInfo { vendor_id: 3314, product_id: 20784 }
2026-09-19T23:00:52.518076779+01:00 - Applying lighting command
2026-09-19T23:00:52.518120825+01:00 - Setting feature in lighting
2026-09-19T23:00:52.518131090+01:00 - Setting device feature after initialzing buf
2026-09-19T23:00:52.518139143+01:00 - Set feature called
2026-09-19T23:00:52.518152567+01:00 - HidDevice { inner: HidDevice { .. }, vid: 3314, pid: 20784 } -> HidDeviceInfo { vendor_id: 3314, product_id: 20784 }
2026-09-19T23:00:52.547578163+01:00 - Applying lighting command
2026-09-19T23:00:52.547628015+01:00 - Setting feature in lighting
2026-09-19T23:00:52.547638232+01:00 - Setting device feature after initialzing buf
2026-09-19T23:00:52.547646156+01:00 - Set feature called
2026-09-19T23:00:52.547660746+01:00 - HidDevice { inner: HidDevice { .. }, vid: 3314, pid: 20784 } -> HidDeviceInfo { vendor_id: 3314, product_id: 20784 }
2026-09-19T23:00:52.580341884+01:00 - Applying lighting command
2026-09-19T23:00:52.580390625+01:00 - Setting feature in lighting
2026-09-19T23:00:52.580400899+01:00 - Setting device feature after initialzing buf
2026-09-19T23:00:52.580408889+01:00 - Set feature called
2026-09-19T23:00:52.580423082+01:00 - HidDevice { inner: HidDevice { .. }, vid: 3314, pid: 20784 } -> HidDeviceInfo { vendor_id: 3314, product_id: 20784 }
2026-09-19T23:00:52.618135969+01:00 - Applying lighting command
2026-09-19T23:00:52.618178146+01:00 - Setting feature in lighting
2026-09-19T23:00:52.618188151+01:00 - Setting device feature after initialzing buf
2026-09-19T23:00:52.618196043+01:00 - Set feature called
2026-09-19T23:00:52.618209567+01:00 - HidDevice { inner: HidDevice { .. }, vid: 3314, pid: 20784 } -> HidDeviceInfo { vendor_id: 3314, product_id: 20784 }
2026-09-19T23:00:52.648809993+01:00 - Applying lighting command
2026-09-19T23:00:52.648857754+01:00 - Setting feature in lighting
2026-09-19T23:00:52.648868028+01:00 - Setting device feature after initialzing buf
2026-09-19T23:00:52.648876180+01:00 - Set feature called
2026-09-19T23:00:52.648889805+01:00 - HidDevice { inner: HidDevice { .. }, vid: 3314, pid: 20784 } -> HidDeviceInfo { vendor_id: 3314, product_id: 20784 }
2026-09-19T23:00:52.680284330+01:00 - Applying lighting command
2026-09-19T23:00:52.680329869+01:00 - Setting feature in lighting
2026-09-19T23:00:52.680339972+01:00 - Setting device feature after initialzing buf
2026-09-19T23:00:52.680348192+01:00 - Set feature called
2026-09-19T23:00:52.680361906+01:00 - HidDevice { inner: HidDevice { .. }, vid: 3314, pid: 20784 } -> HidDeviceInfo { vendor_id: 3314, product_id: 20784 }
2026-09-19T23:00:52.717062843+01:00 - Applying lighting command
2026-09-19T23:00:52.717106161+01:00 - Setting feature in lighting
2026-09-19T23:00:52.717116478+01:00 - Setting device feature after initialzing buf
2026-09-19T23:00:52.717124319+01:00 - Set feature called
2026-09-19T23:00:52.717138313+01:00 - HidDevice { inner: HidDevice { .. }, vid: 3314, pid: 20784 } -> HidDeviceInfo { vendor_id: 3314, product_id: 20784 }
2026-09-19T23:00:52.748345843+01:00 - Applying lighting command
2026-09-19T23:00:52.748392222+01:00 - Setting feature in lighting
2026-09-19T23:00:52.748402135+01:00 - Setting device feature after initialzing buf
2026-09-19T23:00:52.748409856+01:00 - Set feature called
2026-09-19T23:00:52.748423468+01:00 - HidDevice { inner: HidDevice { .. }, vid: 3314, pid: 20784 } -> HidDeviceInfo { vendor_id: 3314, product_id: 20784 }
2026-09-19T23:00:52.780388653+01:00 - Applying lighting command
2026-09-19T23:00:52.780435327+01:00 - Setting feature in lighting
2026-09-19T23:00:52.780445611+01:00 - Setting device feature after initialzing buf
2026-09-19T23:00:52.780453740+01:00 - Set feature called
2026-09-19T23:00:52.780467309+01:00 - HidDevice { inner: HidDevice { .. }, vid: 3314, pid: 20784 } -> HidDeviceInfo { vendor_id: 3314, product_id: 20784 }
2026-09-19T23:00:52.816941862+01:00 - Applying lighting command
2026-09-19T23:00:52.817000243+01:00 - Setting feature in lighting
2026-09-19T23:00:52.817011039+01:00 - Setting device feature after initialzing buf
2026-09-19T23:00:52.817019006+01:00 - Set feature called
2026-09-19T23:00:52.817032907+01:00 - HidDevice { inner: HidDevice { .. }, vid: 3314, pid: 20784 } -> HidDeviceInfo { vendor_id: 3314, product_id: 20784 }
2026-09-19T23:00:52.849312667+01:00 - Applying lighting command
2026-09-19T23:00:52.849366253+01:00 - Setting feature in lighting
2026-09-19T23:00:52.849371741+01:00 - Setting device feature after initialzing buf
2026-09-19T23:00:52.849375595+01:00 - Set feature called
2026-09-19T23:00:52.849384553+01:00 - HidDevice { inner: HidDevice { .. }, vid: 3314, pid: 20784 } -> HidDeviceInfo { vendor_id: 3314, product_id: 20784 }
2026-09-19T23:00:52.882538825+01:00 - Applying lighting command
2026-09-19T23:00:52.882589109+01:00 - Setting feature in lighting
2026-09-19T23:00:52.882597147+01:00 - Setting device feature after initialzing buf
2026-09-19T23:00:52.882603362+01:00 - Set feature called
2026-09-19T23:00:52.882615633+01:00 - HidDevice { inner: HidDevice { .. }, vid: 3314, pid: 20784 } -> HidDeviceInfo { vendor_id: 3314, product_id: 20784 }
2026-09-19T23:00:52.917008070+01:00 - Applying lighting command
2026-09-19T23:00:52.917039374+01:00 - Setting feature in lighting
2026-09-19T23:00:52.917044395+01:00 - Setting device feature after initialzing buf
2026-09-19T23:00:52.917048145+01:00 - Set feature called
2026-09-19T23:00:52.917056058+01:00 - HidDevice { inner: HidDevice { .. }, vid: 3314, pid: 20784 } -> HidDeviceInfo { vendor_id: 3314, product_id: 20784 }
2026-09-19T23:00:52.947096583+01:00 - Applying lighting command
2026-09-19T23:00:52.947143089+01:00 - Setting feature in lighting
2026-09-19T23:00:52.947153379+01:00 - Setting device feature after initialzing buf
2026-09-19T23:00:52.947161146+01:00 - Set feature called
2026-09-19T23:00:52.947174986+01:00 - HidDevice { inner: HidDevice { .. }, vid: 3314, pid: 20784 } -> HidDeviceInfo { vendor_id: 3314, product_id: 20784 }
2026-09-19T23:00:52.978603566+01:00 - Applying lighting command
2026-09-19T23:00:52.978646127+01:00 - Setting feature in lighting
2026-09-19T23:00:52.978656184+01:00 - Setting device feature after initialzing buf
2026-09-19T23:00:52.978676028+01:00 - Set feature called
2026-09-19T23:00:52.978690281+01:00 - HidDevice { inner: HidDevice { .. }, vid: 3314, pid: 20784 } -> HidDeviceInfo { vendor_id: 3314, product_id: 20784 }
2026-09-19T23:00:53.015666718+01:00 - Applying lighting command
2026-09-19T23:00:53.015717101+01:00 - Setting feature in lighting
2026-09-19T23:00:53.015727434+01:00 - Setting device feature after initialzing buf
2026-09-19T23:00:53.015735555+01:00 - Set feature called
2026-09-19T23:00:53.015750191+01:00 - HidDevice { inner: HidDevice { .. }, vid: 3314, pid: 20784 } -> HidDeviceInfo { vendor_id: 3314, product_id: 20784 }
2026-09-19T23:00:53.045739671+01:00 - Applying lighting command
2026-09-19T23:00:53.045782678+01:00 - Setting feature in lighting
2026-09-19T23:00:53.045792651+01:00 - Setting device feature after initialzing buf
2026-09-19T23:00:53.045800952+01:00 - Set feature called
2026-09-19T23:00:53.045814310+01:00 - HidDevice { inner: HidDevice { .. }, vid: 3314, pid: 20784 } -> HidDeviceInfo { vendor_id: 3314, product_id: 20784 }
2026-09-19T23:00:53.081684941+01:00 - Applying lighting command
2026-09-19T23:00:53.081741535+01:00 - Setting feature in lighting
2026-09-19T23:00:53.081751835+01:00 - Setting device feature after initialzing buf
2026-09-19T23:00:53.081759939+01:00 - Set feature called
2026-09-19T23:00:53.081774464+01:00 - HidDevice { inner: HidDevice { .. }, vid: 3314, pid: 20784 } -> HidDeviceInfo { vendor_id: 3314, product_id: 20784 }
2026-09-19T23:00:53.111671196+01:00 - Applying lighting command
2026-09-19T23:00:53.111717304+01:00 - Setting feature in lighting
2026-09-19T23:00:53.111727788+01:00 - Setting device feature after initialzing buf
2026-09-19T23:00:53.111735673+01:00 - Set feature called
2026-09-19T23:00:53.111749614+01:00 - HidDevice { inner: HidDevice { .. }, vid: 3314, pid: 20784 } -> HidDeviceInfo { vendor_id: 3314, product_id: 20784 }
2026-09-19T23:00:53.143399358+01:00 - Applying lighting command
2026-09-19T23:00:53.143443285+01:00 - Setting feature in lighting
2026-09-19T23:00:53.143453399+01:00 - Setting device feature after initialzing buf
2026-09-19T23:00:53.143461361+01:00 - Set feature called
2026-09-19T23:00:53.143474669+01:00 - HidDevice { inner: HidDevice { .. }, vid: 3314, pid: 20784 } -> HidDeviceInfo { vendor_id: 3314, product_id: 20784 }
2026-09-19T23:00:53.173529831+01:00 - Applying lighting command
2026-09-19T23:00:53.173568766+01:00 - Setting feature in lighting
2026-09-19T23:00:53.173578886+01:00 - Setting device feature after initialzing buf
2026-09-19T23:00:53.173586890+01:00 - Set feature called
2026-09-19T23:00:53.173599807+01:00 - HidDevice { inner: HidDevice { .. }, vid: 3314, pid: 20784 } -> HidDeviceInfo { vendor_id: 3314, product_id: 20784 }
2026-09-19T23:00:53.203734131+01:00 - Applying lighting command
2026-09-19T23:00:53.203777735+01:00 - Setting feature in lighting
2026-09-19T23:00:53.203788026+01:00 - Setting device feature after initialzing buf
2026-09-19T23:00:53.203796222+01:00 - Set feature called
2026-09-19T23:00:53.203810133+01:00 - HidDevice { inner: HidDevice { .. }, vid: 3314, pid: 20784 } -> HidDeviceInfo { vendor_id: 3314, product_id: 20784 }
2026-09-19T23:00:53.234429696+01:00 - Applying lighting command
2026-09-19T23:00:53.234473301+01:00 - Setting feature in lighting
2026-09-19T23:00:53.234483603+01:00 - Setting device feature after initialzing buf
2026-09-19T23:00:53.234491623+01:00 - Set feature called
2026-09-19T23:00:53.234505427+01:00 - HidDevice { inner: HidDevice { .. }, vid: 3314, pid: 20784 } -> HidDeviceInfo { vendor_id: 3314, product_id: 20784 }
2026-09-19T23:00:53.265097516+01:00 - Applying lighting command
2026-09-19T23:00:53.265157826+01:00 - Setting feature in lighting
2026-09-19T23:00:53.265163322+01:00 - Setting device feature after initialzing buf
2026-09-19T23:00:53.265167494+01:00 - Set feature called
2026-09-19T23:00:53.265177372+01:00 - HidDevice { inner: HidDevice { .. }, vid: 3314, pid: 20784 } -> HidDeviceInfo { vendor_id: 3314, product_id: 20784 }
2026-09-19T23:00:53.298321573+01:00 - Applying lighting command
2026-09-19T23:00:53.298392496+01:00 - Setting feature in lighting
2026-09-19T23:00:53.298398306+01:00 - Setting device feature after initialzing buf
2026-09-19T23:00:53.298402627+01:00 - Set feature called
2026-09-19T23:00:53.298412286+01:00 - HidDevice { inner: HidDevice { .. }, vid: 3314, pid: 20784 } -> HidDeviceInfo { vendor_id: 3314, product_id: 20784 }
2026-09-19T23:00:53.329732203+01:00 - Applying lighting command
2026-09-19T23:00:53.329781383+01:00 - Setting feature in lighting
2026-09-19T23:00:53.329788980+01:00 - Setting device feature after initialzing buf
2026-09-19T23:00:53.329794786+01:00 - Set feature called
2026-09-19T23:00:53.329806105+01:00 - HidDevice { inner: HidDevice { .. }, vid: 3314, pid: 20784 } -> HidDeviceInfo { vendor_id: 3314, product_id: 20784 }
2026-09-19T23:00:53.359980023+01:00 - Applying lighting command
2026-09-19T23:00:53.360020552+01:00 - Setting feature in lighting
2026-09-19T23:00:53.360026003+01:00 - Setting device feature after initialzing buf
2026-09-19T23:00:53.360029885+01:00 - Set feature called
2026-09-19T23:00:53.360038148+01:00 - HidDevice { inner: HidDevice { .. }, vid: 3314, pid: 20784 } -> HidDeviceInfo { vendor_id: 3314, product_id: 20784 }
2026-09-19T23:00:53.388844027+01:00 - Applying lighting command
2026-09-19T23:00:53.388886541+01:00 - Setting feature in lighting
2026-09-19T23:00:53.388891738+01:00 - Setting device feature after initialzing buf
2026-09-19T23:00:53.388900153+01:00 - Set feature called
2026-09-19T23:00:53.388908964+01:00 - HidDevice { inner: HidDevice { .. }, vid: 3314, pid: 20784 } -> HidDeviceInfo { vendor_id: 3314, product_id: 20784 }
2026-09-19T23:00:53.420401069+01:00 - Applying lighting command
2026-09-19T23:00:53.420445611+01:00 - Setting feature in lighting
2026-09-19T23:00:53.420456399+01:00 - Setting device feature after initialzing buf
2026-09-19T23:00:53.420464877+01:00 - Set feature called
2026-09-19T23:00:53.420478871+01:00 - HidDevice { inner: HidDevice { .. }, vid: 3314, pid: 20784 } -> HidDeviceInfo { vendor_id: 3314, product_id: 20784 }
2026-09-19T23:00:53.449649020+01:00 - Applying lighting command
2026-09-19T23:00:53.449693853+01:00 - Setting feature in lighting
2026-09-19T23:00:53.449704320+01:00 - Setting device feature after initialzing buf
2026-09-19T23:00:53.449712610+01:00 - Set feature called
2026-09-19T23:00:53.449726693+01:00 - HidDevice { inner: HidDevice { .. }, vid: 3314, pid: 20784 } -> HidDeviceInfo { vendor_id: 3314, product_id: 20784 }
2026-09-19T23:00:53.480660220+01:00 - Applying lighting command
2026-09-19T23:00:53.480707365+01:00 - Setting feature in lighting
2026-09-19T23:00:53.480717910+01:00 - Setting device feature after initialzing buf
2026-09-19T23:00:53.480726245+01:00 - Set feature called
2026-09-19T23:00:53.480740718+01:00 - HidDevice { inner: HidDevice { .. }, vid: 3314, pid: 20784 } -> HidDeviceInfo { vendor_id: 3314, product_id: 20784 }
2026-09-19T23:00:53.511384350+01:00 - Applying lighting command
2026-09-19T23:00:53.511424554+01:00 - Setting feature in lighting
2026-09-19T23:00:53.511435094+01:00 - Setting device feature after initialzing buf
2026-09-19T23:00:53.511443384+01:00 - Set feature called
2026-09-19T23:00:53.511457190+01:00 - HidDevice { inner: HidDevice { .. }, vid: 3314, pid: 20784 } -> HidDeviceInfo { vendor_id: 3314, product_id: 20784 }
2026-09-19T23:00:53.543571240+01:00 - Applying lighting command
2026-09-19T23:00:53.543618481+01:00 - Setting feature in lighting
2026-09-19T23:00:53.543629243+01:00 - Setting device feature after initialzing buf
2026-09-19T23:00:53.543637894+01:00 - Set feature called
2026-09-19T23:00:53.543652234+01:00 - HidDevice { inner: HidDevice { .. }, vid: 3314, pid: 20784 } -> HidDeviceInfo { vendor_id: 3314, product_id: 20784 }
2026-09-19T23:00:53.577996766+01:00 - Applying lighting command
2026-09-19T23:00:53.578044761+01:00 - Setting feature in lighting
2026-09-19T23:00:53.578055510+01:00 - Setting device feature after initialzing buf
2026-09-19T23:00:53.578064037+01:00 - Set feature called
2026-09-19T23:00:53.578078439+01:00 - HidDevice { inner: HidDevice { .. }, vid: 3314, pid: 20784 } -> HidDeviceInfo { vendor_id: 3314, product_id: 20784 }
2026-09-19T23:00:53.611763349+01:00 - Applying lighting command
2026-09-19T23:00:53.611815283+01:00 - Setting feature in lighting
2026-09-19T23:00:53.611825849+01:00 - Setting device feature after initialzing buf
2026-09-19T23:00:53.611834256+01:00 - Set feature called
2026-09-19T23:00:53.611849596+01:00 - HidDevice { inner: HidDevice { .. }, vid: 3314, pid: 20784 } -> HidDeviceInfo { vendor_id: 3314, product_id: 20784 }
2026-09-19T23:00:53.644735883+01:00 - Applying lighting command
2026-09-19T23:00:53.644780143+01:00 - Setting feature in lighting
2026-09-19T23:00:53.644790642+01:00 - Setting device feature after initialzing buf
2026-09-19T23:00:53.644799021+01:00 - Set feature called
2026-09-19T23:00:53.644812992+01:00 - HidDevice { inner: HidDevice { .. }, vid: 3314, pid: 20784 } -> HidDeviceInfo { vendor_id: 3314, product_id: 20784 }
2026-09-19T23:00:53.673849040+01:00 - Applying lighting command
2026-09-19T23:00:53.673891434+01:00 - Setting feature in lighting
2026-09-19T23:00:53.673901175+01:00 - Setting device feature after initialzing buf
2026-09-19T23:00:53.673905138+01:00 - Set feature called
2026-09-19T23:00:53.673913137+01:00 - HidDevice { inner: HidDevice { .. }, vid: 3314, pid: 20784 } -> HidDeviceInfo { vendor_id: 3314, product_id: 20784 }
2026-09-19T23:00:53.705133621+01:00 - Applying lighting command
2026-09-19T23:00:53.705201618+01:00 - Setting feature in lighting
2026-09-19T23:00:53.705211449+01:00 - Setting device feature after initialzing buf
2026-09-19T23:00:53.705219320+01:00 - Set feature called
2026-09-19T23:00:53.705234520+01:00 - HidDevice { inner: HidDevice { .. }, vid: 3314, pid: 20784 } -> HidDeviceInfo { vendor_id: 3314, product_id: 20784 }
2026-09-19T23:00:53.735534985+01:00 - Applying lighting command
2026-09-19T23:00:53.735588741+01:00 - Setting feature in lighting
2026-09-19T23:00:53.735599299+01:00 - Setting device feature after initialzing buf
2026-09-19T23:00:53.735608371+01:00 - Set feature called
2026-09-19T23:00:53.735624122+01:00 - HidDevice { inner: HidDevice { .. }, vid: 3314, pid: 20784 } -> HidDeviceInfo { vendor_id: 3314, product_id: 20784 }
2026-09-19T23:00:53.765961737+01:00 - Applying lighting command
2026-09-19T23:00:53.766005628+01:00 - Setting feature in lighting
2026-09-19T23:00:53.766010708+01:00 - Setting device feature after initialzing buf
2026-09-19T23:00:53.766015473+01:00 - Set feature called
2026-09-19T23:00:53.766024079+01:00 - HidDevice { inner: HidDevice { .. }, vid: 3314, pid: 20784 } -> HidDeviceInfo { vendor_id: 3314, product_id: 20784 }
2026-09-19T23:00:53.798509509+01:00 - Applying lighting command
2026-09-19T23:00:53.798545434+01:00 - Setting feature in lighting
2026-09-19T23:00:53.798555852+01:00 - Setting device feature after initialzing buf
2026-09-19T23:00:53.798564692+01:00 - Set feature called
2026-09-19T23:00:53.798578460+01:00 - HidDevice { inner: HidDevice { .. }, vid: 3314, pid: 20784 } -> HidDeviceInfo { vendor_id: 3314, product_id: 20784 }
2026-09-19T23:00:53.828874217+01:00 - Applying lighting command
2026-09-19T23:00:53.828924840+01:00 - Setting feature in lighting
2026-09-19T23:00:53.828935550+01:00 - Setting device feature after initialzing buf
2026-09-19T23:00:53.828943885+01:00 - Set feature called
2026-09-19T23:00:53.828957474+01:00 - HidDevice { inner: HidDevice { .. }, vid: 3314, pid: 20784 } -> HidDeviceInfo { vendor_id: 3314, product_id: 20784 }
2026-09-19T23:00:53.861152897+01:00 - Applying lighting command
2026-09-19T23:00:53.861197895+01:00 - Setting feature in lighting
2026-09-19T23:00:53.861209052+01:00 - Setting device feature after initialzing buf
2026-09-19T23:00:53.861217504+01:00 - Set feature called
2026-09-19T23:00:53.861232321+01:00 - HidDevice { inner: HidDevice { .. }, vid: 3314, pid: 20784 } -> HidDeviceInfo { vendor_id: 3314, product_id: 20784 }
2026-09-19T23:00:53.894603689+01:00 - Applying lighting command
2026-09-19T23:00:53.894658311+01:00 - Setting feature in lighting
2026-09-19T23:00:53.894669162+01:00 - Setting device feature after initialzing buf
2026-09-19T23:00:53.894689906+01:00 - Set feature called
2026-09-19T23:00:53.894705777+01:00 - HidDevice { inner: HidDevice { .. }, vid: 3314, pid: 20784 } -> HidDeviceInfo { vendor_id: 3314, product_id: 20784 }
2026-09-19T23:00:53.928232458+01:00 - Applying lighting command
2026-09-19T23:00:53.928279892+01:00 - Setting feature in lighting
2026-09-19T23:00:53.928290605+01:00 - Setting device feature after initialzing buf
2026-09-19T23:00:53.928298756+01:00 - Set feature called
2026-09-19T23:00:53.928312692+01:00 - HidDevice { inner: HidDevice { .. }, vid: 3314, pid: 20784 } -> HidDeviceInfo { vendor_id: 3314, product_id: 20784 }
2026-09-19T23:00:53.962573360+01:00 - Applying lighting command
2026-09-19T23:00:53.962624281+01:00 - Setting feature in lighting
2026-09-19T23:00:53.962634477+01:00 - Setting device feature after initialzing buf
2026-09-19T23:00:53.962642589+01:00 - Set feature called
2026-09-19T23:00:53.962656782+01:00 - HidDevice { inner: HidDevice { .. }, vid: 3314, pid: 20784 } -> HidDeviceInfo { vendor_id: 3314, product_id: 20784 }
2026-09-19T23:00:53.991326706+01:00 - Applying lighting command
2026-09-19T23:00:53.991368508+01:00 - Setting feature in lighting
2026-09-19T23:00:53.991378680+01:00 - Setting device feature after initialzing buf
2026-09-19T23:00:53.991386667+01:00 - Set feature called
2026-09-19T23:00:53.991399811+01:00 - HidDevice { inner: HidDevice { .. }, vid: 3314, pid: 20784 } -> HidDeviceInfo { vendor_id: 3314, product_id: 20784 }
2026-09-19T23:00:54.021601518+01:00 - Applying lighting command
2026-09-19T23:00:54.021645782+01:00 - Setting feature in lighting
2026-09-19T23:00:54.021655941+01:00 - Setting device feature after initialzing buf
2026-09-19T23:00:54.021663900+01:00 - Set feature called
2026-09-19T23:00:54.021677358+01:00 - HidDevice { inner: HidDevice { .. }, vid: 3314, pid: 20784 } -> HidDeviceInfo { vendor_id: 3314, product_id: 20784 }
2026-09-19T23:00:54.676361700+01:00 - Applying lighting command
2026-09-19T23:00:54.676415687+01:00 - Setting feature in lighting
2026-09-19T23:00:54.676421976+01:00 - Setting device feature after initialzing buf
2026-09-19T23:00:54.676426635+01:00 - Set feature called
2026-09-19T23:00:54.676436550+01:00 - HidDevice { inner: HidDevice { .. }, vid: 3314, pid: 20784 } -> HidDeviceInfo { vendor_id: 3314, product_id: 20784 }
2026-09-19T23:00:55.177586505+01:00 - Applying lighting command
2026-09-19T23:00:55.177660266+01:00 - Setting feature in lighting
2026-09-19T23:00:55.177670719+01:00 - Setting device feature after initialzing buf
2026-09-19T23:00:55.177678898+01:00 - Set feature called
2026-09-19T23:00:55.177694413+01:00 - HidDevice { inner: HidDevice { .. }, vid: 3314, pid: 20784 } -> HidDeviceInfo { vendor_id: 3314, product_id: 20784 }
2026-09-19T23:00:55.207959213+01:00 - Applying lighting command
2026-09-19T23:00:55.208011414+01:00 - Setting feature in lighting
2026-09-19T23:00:55.208015229+01:00 - Setting device feature after initialzing buf
2026-09-19T23:00:55.208017456+01:00 - Set feature called
2026-09-19T23:00:55.208023156+01:00 - HidDevice { inner: HidDevice { .. }, vid: 3314, pid: 20784 } -> HidDeviceInfo { vendor_id: 3314, product_id: 20784 }
2026-09-19T23:00:55.238754432+01:00 - Applying lighting command
2026-09-19T23:00:55.238780695+01:00 - Setting feature in lighting
2026-09-19T23:00:55.238784187+01:00 - Setting device feature after initialzing buf
2026-09-19T23:00:55.238786394+01:00 - Set feature called
2026-09-19T23:00:55.238791812+01:00 - HidDevice { inner: HidDevice { .. }, vid: 3314, pid: 20784 } -> HidDeviceInfo { vendor_id: 3314, product_id: 20784 }
2026-09-19T23:00:55.269114184+01:00 - Applying lighting command
2026-09-19T23:00:55.269161271+01:00 - Setting feature in lighting
2026-09-19T23:00:55.269166572+01:00 - Setting device feature after initialzing buf
2026-09-19T23:00:55.269170587+01:00 - Set feature called
2026-09-19T23:00:55.269179061+01:00 - HidDevice { inner: HidDevice { .. }, vid: 3314, pid: 20784 } -> HidDeviceInfo { vendor_id: 3314, product_id: 20784 }
2026-09-19T23:00:55.299812867+01:00 - Applying lighting command
2026-09-19T23:00:55.299858136+01:00 - Setting feature in lighting
2026-09-19T23:00:55.299868411+01:00 - Setting device feature after initialzing buf
2026-09-19T23:00:55.299876484+01:00 - Set feature called
2026-09-19T23:00:55.299890382+01:00 - HidDevice { inner: HidDevice { .. }, vid: 3314, pid: 20784 } -> HidDeviceInfo { vendor_id: 3314, product_id: 20784 }
2026-09-19T23:00:55.330572243+01:00 - Applying lighting command
2026-09-19T23:00:55.330608180+01:00 - Setting feature in lighting
2026-09-19T23:00:55.330616833+01:00 - Setting device feature after initialzing buf
2026-09-19T23:00:55.330623519+01:00 - Set feature called
2026-09-19T23:00:55.330634768+01:00 - HidDevice { inner: HidDevice { .. }, vid: 3314, pid: 20784 } -> HidDeviceInfo { vendor_id: 3314, product_id: 20784 }
2026-09-19T23:00:55.363422595+01:00 - Applying lighting command
2026-09-19T23:00:55.363464358+01:00 - Setting feature in lighting
2026-09-19T23:00:55.363474879+01:00 - Setting device feature after initialzing buf
2026-09-19T23:00:55.363482650+01:00 - Set feature called
2026-09-19T23:00:55.363495755+01:00 - HidDevice { inner: HidDevice { .. }, vid: 3314, pid: 20784 } -> HidDeviceInfo { vendor_id: 3314, product_id: 20784 }
2026-09-19T23:00:55.396377409+01:00 - Applying lighting command
2026-09-19T23:00:55.396418353+01:00 - Setting feature in lighting
2026-09-19T23:00:55.396428623+01:00 - Setting device feature after initialzing buf
2026-09-19T23:00:55.396436719+01:00 - Set feature called
2026-09-19T23:00:55.396450249+01:00 - HidDevice { inner: HidDevice { .. }, vid: 3314, pid: 20784 } -> HidDeviceInfo { vendor_id: 3314, product_id: 20784 }
2026-09-19T23:00:55.430520421+01:00 - Applying lighting command
2026-09-19T23:00:55.430555332+01:00 - Setting feature in lighting
2026-09-19T23:00:55.430558868+01:00 - Setting device feature after initialzing buf
2026-09-19T23:00:55.430560808+01:00 - Set feature called
2026-09-19T23:00:55.430566389+01:00 - HidDevice { inner: HidDevice { .. }, vid: 3314, pid: 20784 } -> HidDeviceInfo { vendor_id: 3314, product_id: 20784 }
2026-09-19T23:00:55.462997397+01:00 - Applying lighting command
2026-09-19T23:00:55.463047575+01:00 - Setting feature in lighting
2026-09-19T23:00:55.463058271+01:00 - Setting device feature after initialzing buf
2026-09-19T23:00:55.463066261+01:00 - Set feature called
2026-09-19T23:00:55.463079861+01:00 - HidDevice { inner: HidDevice { .. }, vid: 3314, pid: 20784 } -> HidDeviceInfo { vendor_id: 3314, product_id: 20784 }
2026-09-19T23:00:55.493859907+01:00 - Applying lighting command
2026-09-19T23:00:55.493906377+01:00 - Setting feature in lighting
2026-09-19T23:00:55.493918413+01:00 - Setting device feature after initialzing buf
2026-09-19T23:00:55.493926445+01:00 - Set feature called
2026-09-19T23:00:55.493939763+01:00 - HidDevice { inner: HidDevice { .. }, vid: 3314, pid: 20784 } -> HidDeviceInfo { vendor_id: 3314, product_id: 20784 }
2026-09-19T23:00:55.524678376+01:00 - Applying lighting command
2026-09-19T23:00:55.524724996+01:00 - Setting feature in lighting
2026-09-19T23:00:55.524735413+01:00 - Setting device feature after initialzing buf
2026-09-19T23:00:55.524743452+01:00 - Set feature called
2026-09-19T23:00:55.524756784+01:00 - HidDevice { inner: HidDevice { .. }, vid: 3314, pid: 20784 } -> HidDeviceInfo { vendor_id: 3314, product_id: 20784 }
2026-09-19T23:00:55.555622959+01:00 - Applying lighting command
2026-09-19T23:00:55.555669702+01:00 - Setting feature in lighting
2026-09-19T23:00:55.555680107+01:00 - Setting device feature after initialzing buf
2026-09-19T23:00:55.555688100+01:00 - Set feature called
2026-09-19T23:00:55.555701226+01:00 - HidDevice { inner: HidDevice { .. }, vid: 3314, pid: 20784 } -> HidDeviceInfo { vendor_id: 3314, product_id: 20784 }
2026-09-19T23:00:55.586671687+01:00 - Applying lighting command
2026-09-19T23:00:55.586714398+01:00 - Setting feature in lighting
2026-09-19T23:00:55.586724521+01:00 - Setting device feature after initialzing buf
2026-09-19T23:00:55.586732474+01:00 - Set feature called
2026-09-19T23:00:55.586757363+01:00 - HidDevice { inner: HidDevice { .. }, vid: 3314, pid: 20784 } -> HidDeviceInfo { vendor_id: 3314, product_id: 20784 }
2026-09-19T23:00:55.616707453+01:00 - Applying lighting command
2026-09-19T23:00:55.616736254+01:00 - Setting feature in lighting
2026-09-19T23:00:55.616741189+01:00 - Setting device feature after initialzing buf
2026-09-19T23:00:55.616744966+01:00 - Set feature called
2026-09-19T23:00:55.616752095+01:00 - HidDevice { inner: HidDevice { .. }, vid: 3314, pid: 20784 } -> HidDeviceInfo { vendor_id: 3314, product_id: 20784 }
2026-09-19T23:00:55.647835406+01:00 - Applying lighting command
2026-09-19T23:00:55.647882267+01:00 - Setting feature in lighting
2026-09-19T23:00:55.647898565+01:00 - Setting device feature after initialzing buf
2026-09-19T23:00:55.647908147+01:00 - Set feature called
2026-09-19T23:00:55.647921922+01:00 - HidDevice { inner: HidDevice { .. }, vid: 3314, pid: 20784 } -> HidDeviceInfo { vendor_id: 3314, product_id: 20784 }
2026-09-19T23:00:55.677279938+01:00 - Applying lighting command
2026-09-19T23:00:55.677321496+01:00 - Setting feature in lighting
2026-09-19T23:00:55.677331527+01:00 - Setting device feature after initialzing buf
2026-09-19T23:00:55.677339679+01:00 - Set feature called
2026-09-19T23:00:55.677352982+01:00 - HidDevice { inner: HidDevice { .. }, vid: 3314, pid: 20784 } -> HidDeviceInfo { vendor_id: 3314, product_id: 20784 }
2026-09-19T23:00:55.708514716+01:00 - Applying lighting command
2026-09-19T23:00:55.708562991+01:00 - Setting feature in lighting
2026-09-19T23:00:55.708573484+01:00 - Setting device feature after initialzing buf
2026-09-19T23:00:55.708581475+01:00 - Set feature called
2026-09-19T23:00:55.708595480+01:00 - HidDevice { inner: HidDevice { .. }, vid: 3314, pid: 20784 } -> HidDeviceInfo { vendor_id: 3314, product_id: 20784 }
2026-09-19T23:00:55.738885798+01:00 - Applying lighting command
2026-09-19T23:00:55.738937417+01:00 - Setting feature in lighting
2026-09-19T23:00:55.738947516+01:00 - Setting device feature after initialzing buf
2026-09-19T23:00:55.738955492+01:00 - Set feature called
2026-09-19T23:00:55.738969267+01:00 - HidDevice { inner: HidDevice { .. }, vid: 3314, pid: 20784 } -> HidDeviceInfo { vendor_id: 3314, product_id: 20784 }
2026-09-19T23:00:55.768175885+01:00 - Applying lighting command
2026-09-19T23:00:55.768220170+01:00 - Setting feature in lighting
2026-09-19T23:00:55.768230431+01:00 - Setting device feature after initialzing buf
2026-09-19T23:00:55.768238289+01:00 - Set feature called
2026-09-19T23:00:55.768252126+01:00 - HidDevice { inner: HidDevice { .. }, vid: 3314, pid: 20784 } -> HidDeviceInfo { vendor_id: 3314, product_id: 20784 }
2026-09-19T23:00:55.799259855+01:00 - Applying lighting command
2026-09-19T23:00:55.799327649+01:00 - Setting feature in lighting
2026-09-19T23:00:55.799338435+01:00 - Setting device feature after initialzing buf
2026-09-19T23:00:55.799346324+01:00 - Set feature called
2026-09-19T23:00:55.799363115+01:00 - HidDevice { inner: HidDevice { .. }, vid: 3314, pid: 20784 } -> HidDeviceInfo { vendor_id: 3314, product_id: 20784 }
2026-09-19T23:00:55.830667457+01:00 - Applying lighting command
2026-09-19T23:00:55.830722650+01:00 - Setting feature in lighting
2026-09-19T23:00:55.830730584+01:00 - Setting device feature after initialzing buf
2026-09-19T23:00:55.830737089+01:00 - Set feature called
2026-09-19T23:00:55.830749603+01:00 - HidDevice { inner: HidDevice { .. }, vid: 3314, pid: 20784 } -> HidDeviceInfo { vendor_id: 3314, product_id: 20784 }
2026-09-19T23:00:55.863269002+01:00 - Applying lighting command
2026-09-19T23:00:55.863309263+01:00 - Setting feature in lighting
2026-09-19T23:00:55.863319417+01:00 - Setting device feature after initialzing buf
2026-09-19T23:00:55.863327505+01:00 - Set feature called
2026-09-19T23:00:55.863341398+01:00 - HidDevice { inner: HidDevice { .. }, vid: 3314, pid: 20784 } -> HidDeviceInfo { vendor_id: 3314, product_id: 20784 }
2026-09-19T23:00:55.896512710+01:00 - Applying lighting command
2026-09-19T23:00:55.896554271+01:00 - Setting feature in lighting
2026-09-19T23:00:55.896576407+01:00 - Setting device feature after initialzing buf
2026-09-19T23:00:55.896584945+01:00 - Set feature called
2026-09-19T23:00:55.896598823+01:00 - HidDevice { inner: HidDevice { .. }, vid: 3314, pid: 20784 } -> HidDeviceInfo { vendor_id: 3314, product_id: 20784 }
2026-09-19T23:00:55.931883286+01:00 - Applying lighting command
2026-09-19T23:00:55.931938390+01:00 - Setting feature in lighting
2026-09-19T23:00:55.931948778+01:00 - Setting device feature after initialzing buf
2026-09-19T23:00:55.931956777+01:00 - Set feature called
2026-09-19T23:00:55.931970542+01:00 - HidDevice { inner: HidDevice { .. }, vid: 3314, pid: 20784 } -> HidDeviceInfo { vendor_id: 3314, product_id: 20784 }
2026-09-19T23:00:55.962858743+01:00 - Applying lighting command
2026-09-19T23:00:55.962905211+01:00 - Setting feature in lighting
2026-09-19T23:00:55.962916258+01:00 - Setting device feature after initialzing buf
2026-09-19T23:00:55.962924219+01:00 - Set feature called
2026-09-19T23:00:55.962936528+01:00 - HidDevice { inner: HidDevice { .. }, vid: 3314, pid: 20784 } -> HidDeviceInfo { vendor_id: 3314, product_id: 20784 }
2026-09-19T23:00:55.992801043+01:00 - Applying lighting command
2026-09-19T23:00:55.992849024+01:00 - Setting feature in lighting
2026-09-19T23:00:55.992859240+01:00 - Setting device feature after initialzing buf
2026-09-19T23:00:55.992867259+01:00 - Set feature called
2026-09-19T23:00:55.992881444+01:00 - HidDevice { inner: HidDevice { .. }, vid: 3314, pid: 20784 } -> HidDeviceInfo { vendor_id: 3314, product_id: 20784 }
2026-09-19T23:00:56.023082458+01:00 - Applying lighting command
2026-09-19T23:00:56.023119804+01:00 - Setting feature in lighting
2026-09-19T23:00:56.023124983+01:00 - Setting device feature after initialzing buf
2026-09-19T23:00:56.023128915+01:00 - Set feature called
2026-09-19T23:00:56.023136734+01:00 - HidDevice { inner: HidDevice { .. }, vid: 3314, pid: 20784 } -> HidDeviceInfo { vendor_id: 3314, product_id: 20784 }
2026-09-19T23:00:56.052453351+01:00 - Applying lighting command
2026-09-19T23:00:56.052503017+01:00 - Setting feature in lighting
2026-09-19T23:00:56.052513137+01:00 - Setting device feature after initialzing buf
2026-09-19T23:00:56.052521066+01:00 - Set feature called
2026-09-19T23:00:56.052535185+01:00 - HidDevice { inner: HidDevice { .. }, vid: 3314, pid: 20784 } -> HidDeviceInfo { vendor_id: 3314, product_id: 20784 }
2026-09-19T23:00:56.081803782+01:00 - Applying lighting command
2026-09-19T23:00:56.081850927+01:00 - Setting feature in lighting
2026-09-19T23:00:56.081860846+01:00 - Setting device feature after initialzing buf
2026-09-19T23:00:56.081868965+01:00 - Set feature called
2026-09-19T23:00:56.081882799+01:00 - HidDevice { inner: HidDevice { .. }, vid: 3314, pid: 20784 } -> HidDeviceInfo { vendor_id: 3314, product_id: 20784 }
2026-09-19T23:00:56.115962036+01:00 - Applying lighting command
2026-09-19T23:00:56.116007927+01:00 - Setting feature in lighting
2026-09-19T23:00:56.116018026+01:00 - Setting device feature after initialzing buf
2026-09-19T23:00:56.116026005+01:00 - Set feature called
2026-09-19T23:00:56.116039997+01:00 - HidDevice { inner: HidDevice { .. }, vid: 3314, pid: 20784 } -> HidDeviceInfo { vendor_id: 3314, product_id: 20784 }
2026-09-19T23:00:56.146397304+01:00 - Applying lighting command
2026-09-19T23:00:56.146432280+01:00 - Setting feature in lighting
2026-09-19T23:00:56.146437139+01:00 - Setting device feature after initialzing buf
2026-09-19T23:00:56.146440863+01:00 - Set feature called
2026-09-19T23:00:56.146448612+01:00 - HidDevice { inner: HidDevice { .. }, vid: 3314, pid: 20784 } -> HidDeviceInfo { vendor_id: 3314, product_id: 20784 }
2026-09-19T23:00:56.179870568+01:00 - Applying lighting command
2026-09-19T23:00:56.179929589+01:00 - Setting feature in lighting
2026-09-19T23:00:56.179939999+01:00 - Setting device feature after initialzing buf
2026-09-19T23:00:56.179948290+01:00 - Set feature called
2026-09-19T23:00:56.179961975+01:00 - HidDevice { inner: HidDevice { .. }, vid: 3314, pid: 20784 } -> HidDeviceInfo { vendor_id: 3314, product_id: 20784 }
2026-09-19T23:00:56.209827181+01:00 - Applying lighting command
2026-09-19T23:00:56.209864306+01:00 - Setting feature in lighting
2026-09-19T23:00:56.209874532+01:00 - Setting device feature after initialzing buf
2026-09-19T23:00:56.209882769+01:00 - Set feature called
2026-09-19T23:00:56.209901587+01:00 - HidDevice { inner: HidDevice { .. }, vid: 3314, pid: 20784 } -> HidDeviceInfo { vendor_id: 3314, product_id: 20784 }
2026-09-19T23:00:56.239712664+01:00 - Applying lighting command
2026-09-19T23:00:56.239757013+01:00 - Setting feature in lighting
2026-09-19T23:00:56.239767234+01:00 - Setting device feature after initialzing buf
2026-09-19T23:00:56.239775234+01:00 - Set feature called
2026-09-19T23:00:56.239788537+01:00 - HidDevice { inner: HidDevice { .. }, vid: 3314, pid: 20784 } -> HidDeviceInfo { vendor_id: 3314, product_id: 20784 }
2026-09-19T23:00:56.269714481+01:00 - Applying lighting command
2026-09-19T23:00:56.269758023+01:00 - Setting feature in lighting
2026-09-19T23:00:56.269768476+01:00 - Setting device feature after initialzing buf
2026-09-19T23:00:56.269776439+01:00 - Set feature called
2026-09-19T23:00:56.269790070+01:00 - HidDevice { inner: HidDevice { .. }, vid: 3314, pid: 20784 } -> HidDeviceInfo { vendor_id: 3314, product_id: 20784 }
2026-09-19T23:00:56.300279286+01:00 - Applying lighting command
2026-09-19T23:00:56.300346575+01:00 - Setting feature in lighting
2026-09-19T23:00:56.300357160+01:00 - Setting device feature after initialzing buf
2026-09-19T23:00:56.300365233+01:00 - Set feature called
2026-09-19T23:00:56.300380751+01:00 - HidDevice { inner: HidDevice { .. }, vid: 3314, pid: 20784 } -> HidDeviceInfo { vendor_id: 3314, product_id: 20784 }
2026-09-19T23:00:56.330528405+01:00 - Applying lighting command
2026-09-19T23:00:56.330577814+01:00 - Setting feature in lighting
2026-09-19T23:00:56.330587103+01:00 - Setting device feature after initialzing buf
2026-09-19T23:00:56.330595013+01:00 - Set feature called
2026-09-19T23:00:56.330609184+01:00 - HidDevice { inner: HidDevice { .. }, vid: 3314, pid: 20784 } -> HidDeviceInfo { vendor_id: 3314, product_id: 20784 }
2026-09-19T23:00:56.363175110+01:00 - Applying lighting command
2026-09-19T23:00:56.363223131+01:00 - Setting feature in lighting
2026-09-19T23:00:56.363233506+01:00 - Setting device feature after initialzing buf
2026-09-19T23:00:56.363241348+01:00 - Set feature called
2026-09-19T23:00:56.363255985+01:00 - HidDevice { inner: HidDevice { .. }, vid: 3314, pid: 20784 } -> HidDeviceInfo { vendor_id: 3314, product_id: 20784 }
2026-09-19T23:00:56.396035549+01:00 - Applying lighting command
2026-09-19T23:00:56.396080894+01:00 - Setting feature in lighting
2026-09-19T23:00:56.396091642+01:00 - Setting device feature after initialzing buf
2026-09-19T23:00:56.396099588+01:00 - Set feature called
2026-09-19T23:00:56.396113445+01:00 - HidDevice { inner: HidDevice { .. }, vid: 3314, pid: 20784 } -> HidDeviceInfo { vendor_id: 3314, product_id: 20784 }
2026-09-19T23:00:56.429815051+01:00 - Applying lighting command
2026-09-19T23:00:56.429858536+01:00 - Setting feature in lighting
2026-09-19T23:00:56.429868481+01:00 - Setting device feature after initialzing buf
2026-09-19T23:00:56.429877624+01:00 - Set feature called
2026-09-19T23:00:56.429891838+01:00 - HidDevice { inner: HidDevice { .. }, vid: 3314, pid: 20784 } -> HidDeviceInfo { vendor_id: 3314, product_id: 20784 }
2026-09-19T23:00:56.464015902+01:00 - Applying lighting command
2026-09-19T23:00:56.464060159+01:00 - Setting feature in lighting
2026-09-19T23:00:56.464070172+01:00 - Setting device feature after initialzing buf
2026-09-19T23:00:56.464078315+01:00 - Set feature called
2026-09-19T23:00:56.464092112+01:00 - HidDevice { inner: HidDevice { .. }, vid: 3314, pid: 20784 } -> HidDeviceInfo { vendor_id: 3314, product_id: 20784 }
2026-09-19T23:00:56.496856500+01:00 - Applying lighting command
2026-09-19T23:00:56.496921291+01:00 - Setting feature in lighting
2026-09-19T23:00:56.496933166+01:00 - Setting device feature after initialzing buf
2026-09-19T23:00:56.496941507+01:00 - Set feature called
2026-09-19T23:00:56.496970380+01:00 - HidDevice { inner: HidDevice { .. }, vid: 3314, pid: 20784 } -> HidDeviceInfo { vendor_id: 3314, product_id: 20784 }
2026-09-19T23:00:56.530276120+01:00 - Applying lighting command
2026-09-19T23:00:56.530327284+01:00 - Setting feature in lighting
2026-09-19T23:00:56.530338534+01:00 - Setting device feature after initialzing buf
2026-09-19T23:00:56.530347328+01:00 - Set feature called
2026-09-19T23:00:56.530362567+01:00 - HidDevice { inner: HidDevice { .. }, vid: 3314, pid: 20784 } -> HidDeviceInfo { vendor_id: 3314, product_id: 20784 }
2026-09-19T23:00:56.563737638+01:00 - Applying lighting command
2026-09-19T23:00:56.563785751+01:00 - Setting feature in lighting
2026-09-19T23:00:56.563796864+01:00 - Setting device feature after initialzing buf
2026-09-19T23:00:56.563805515+01:00 - Set feature called
2026-09-19T23:00:56.563819653+01:00 - HidDevice { inner: HidDevice { .. }, vid: 3314, pid: 20784 } -> HidDeviceInfo { vendor_id: 3314, product_id: 20784 }
2026-09-19T23:00:56.593078133+01:00 - Applying lighting command
2026-09-19T23:00:56.593118527+01:00 - Setting feature in lighting
2026-09-19T23:00:56.593129560+01:00 - Setting device feature after initialzing buf
2026-09-19T23:00:56.593138182+01:00 - Set feature called
2026-09-19T23:00:56.593151868+01:00 - HidDevice { inner: HidDevice { .. }, vid: 3314, pid: 20784 } -> HidDeviceInfo { vendor_id: 3314, product_id: 20784 }
2026-09-19T23:00:56.623325924+01:00 - Applying lighting command
2026-09-19T23:00:56.623368820+01:00 - Setting feature in lighting
2026-09-19T23:00:56.623379749+01:00 - Setting device feature after initialzing buf
2026-09-19T23:00:56.623388789+01:00 - Set feature called
2026-09-19T23:00:56.623402662+01:00 - HidDevice { inner: HidDevice { .. }, vid: 3314, pid: 20784 } -> HidDeviceInfo { vendor_id: 3314, product_id: 20784 }
2026-09-19T23:00:56.653488889+01:00 - Applying lighting command
2026-09-19T23:00:56.653533928+01:00 - Setting feature in lighting
2026-09-19T23:00:56.653544963+01:00 - Setting device feature after initialzing buf
2026-09-19T23:00:56.653553723+01:00 - Set feature called
2026-09-19T23:00:56.653567740+01:00 - HidDevice { inner: HidDevice { .. }, vid: 3314, pid: 20784 } -> HidDeviceInfo { vendor_id: 3314, product_id: 20784 }
2026-09-19T23:00:56.683515424+01:00 - Applying lighting command
2026-09-19T23:00:56.683561910+01:00 - Setting feature in lighting
2026-09-19T23:00:56.683573173+01:00 - Setting device feature after initialzing buf
2026-09-19T23:00:56.683581715+01:00 - Set feature called
2026-09-19T23:00:56.683596051+01:00 - HidDevice { inner: HidDevice { .. }, vid: 3314, pid: 20784 } -> HidDeviceInfo { vendor_id: 3314, product_id: 20784 }
2026-09-19T23:00:56.715565504+01:00 - Applying lighting command
2026-09-19T23:00:56.715611979+01:00 - Setting feature in lighting
2026-09-19T23:00:56.715623437+01:00 - Setting device feature after initialzing buf
2026-09-19T23:00:56.715631994+01:00 - Set feature called
2026-09-19T23:00:56.715646201+01:00 - HidDevice { inner: HidDevice { .. }, vid: 3314, pid: 20784 } -> HidDeviceInfo { vendor_id: 3314, product_id: 20784 }
2026-09-19T23:00:56.747504834+01:00 - Applying lighting command
2026-09-19T23:00:56.747552496+01:00 - Setting feature in lighting
2026-09-19T23:00:56.747563803+01:00 - Setting device feature after initialzing buf
2026-09-19T23:00:56.747572377+01:00 - Set feature called
2026-09-19T23:00:56.747586886+01:00 - HidDevice { inner: HidDevice { .. }, vid: 3314, pid: 20784 } -> HidDeviceInfo { vendor_id: 3314, product_id: 20784 }
2026-09-19T23:00:56.776570486+01:00 - Applying lighting command
2026-09-19T23:00:56.776613905+01:00 - Setting feature in lighting
2026-09-19T23:00:56.776625184+01:00 - Setting device feature after initialzing buf
2026-09-19T23:00:56.776633724+01:00 - Set feature called
2026-09-19T23:00:56.776647898+01:00 - HidDevice { inner: HidDevice { .. }, vid: 3314, pid: 20784 } -> HidDeviceInfo { vendor_id: 3314, product_id: 20784 }
2026-09-19T23:00:56.805705329+01:00 - Applying lighting command
2026-09-19T23:00:56.805755418+01:00 - Setting feature in lighting
2026-09-19T23:00:56.805768653+01:00 - Setting device feature after initialzing buf
2026-09-19T23:00:56.805772972+01:00 - Set feature called
2026-09-19T23:00:56.805782105+01:00 - HidDevice { inner: HidDevice { .. }, vid: 3314, pid: 20784 } -> HidDeviceInfo { vendor_id: 3314, product_id: 20784 }
2026-09-19T23:00:56.836243608+01:00 - Applying lighting command
2026-09-19T23:00:56.836285250+01:00 - Setting feature in lighting
2026-09-19T23:00:56.836289964+01:00 - Setting device feature after initialzing buf
2026-09-19T23:00:56.836293750+01:00 - Set feature called
2026-09-19T23:00:56.836301787+01:00 - HidDevice { inner: HidDevice { .. }, vid: 3314, pid: 20784 } -> HidDeviceInfo { vendor_id: 3314, product_id: 20784 }
2026-09-19T23:00:56.866222489+01:00 - Applying lighting command
2026-09-19T23:00:56.866262264+01:00 - Setting feature in lighting
2026-09-19T23:00:56.866271162+01:00 - Setting device feature after initialzing buf
2026-09-19T23:00:56.866278896+01:00 - Set feature called
2026-09-19T23:00:56.866292784+01:00 - HidDevice { inner: HidDevice { .. }, vid: 3314, pid: 20784 } -> HidDeviceInfo { vendor_id: 3314, product_id: 20784 }
2026-09-19T23:00:56.896745530+01:00 - Applying lighting command
2026-09-19T23:00:56.896785866+01:00 - Setting feature in lighting
2026-09-19T23:00:56.896796092+01:00 - Setting device feature after initialzing buf
2026-09-19T23:00:56.896804055+01:00 - Set feature called
2026-09-19T23:00:56.896817252+01:00 - HidDevice { inner: HidDevice { .. }, vid: 3314, pid: 20784 } -> HidDeviceInfo { vendor_id: 3314, product_id: 20784 }
2026-09-19T23:00:56.931996149+01:00 - Applying lighting command
2026-09-19T23:00:56.932035343+01:00 - Setting feature in lighting
2026-09-19T23:00:56.932045293+01:00 - Setting device feature after initialzing buf
2026-09-19T23:00:56.932053242+01:00 - Set feature called
2026-09-19T23:00:56.932066323+01:00 - HidDevice { inner: HidDevice { .. }, vid: 3314, pid: 20784 } -> HidDeviceInfo { vendor_id: 3314, product_id: 20784 }
2026-09-19T23:00:56.964092405+01:00 - Applying lighting command
2026-09-19T23:00:56.964135911+01:00 - Setting feature in lighting
2026-09-19T23:00:56.964146255+01:00 - Setting device feature after initialzing buf
2026-09-19T23:00:56.964154174+01:00 - Set feature called
2026-09-19T23:00:56.964167988+01:00 - HidDevice { inner: HidDevice { .. }, vid: 3314, pid: 20784 } -> HidDeviceInfo { vendor_id: 3314, product_id: 20784 }
2026-09-19T23:00:56.993887533+01:00 - Applying lighting command
2026-09-19T23:00:56.993932196+01:00 - Setting feature in lighting
2026-09-19T23:00:56.993941964+01:00 - Setting device feature after initialzing buf
2026-09-19T23:00:56.993950553+01:00 - Set feature called
2026-09-19T23:00:56.993963511+01:00 - HidDevice { inner: HidDevice { .. }, vid: 3314, pid: 20784 } -> HidDeviceInfo { vendor_id: 3314, product_id: 20784 }
2026-09-19T23:00:57.024814020+01:00 - Applying lighting command
2026-09-19T23:00:57.024865987+01:00 - Setting feature in lighting
2026-09-19T23:00:57.024876330+01:00 - Setting device feature after initialzing buf
2026-09-19T23:00:57.024884350+01:00 - Set feature called
2026-09-19T23:00:57.024903812+01:00 - HidDevice { inner: HidDevice { .. }, vid: 3314, pid: 20784 } -> HidDeviceInfo { vendor_id: 3314, product_id: 20784 }
2026-09-19T23:00:57.054676340+01:00 - Applying lighting command
2026-09-19T23:00:57.054724387+01:00 - Setting feature in lighting
2026-09-19T23:00:57.054734440+01:00 - Setting device feature after initialzing buf
2026-09-19T23:00:57.054742353+01:00 - Set feature called
2026-09-19T23:00:57.054756409+01:00 - HidDevice { inner: HidDevice { .. }, vid: 3314, pid: 20784 } -> HidDeviceInfo { vendor_id: 3314, product_id: 20784 }
2026-09-19T23:00:57.084189200+01:00 - Applying lighting command
2026-09-19T23:00:57.084230661+01:00 - Setting feature in lighting
2026-09-19T23:00:57.084240819+01:00 - Setting device feature after initialzing buf
2026-09-19T23:00:57.084248892+01:00 - Set feature called
2026-09-19T23:00:57.084262241+01:00 - HidDevice { inner: HidDevice { .. }, vid: 3314, pid: 20784 } -> HidDeviceInfo { vendor_id: 3314, product_id: 20784 }
2026-09-19T23:00:57.115768748+01:00 - Applying lighting command
2026-09-19T23:00:57.115811917+01:00 - Setting feature in lighting
2026-09-19T23:00:57.115822059+01:00 - Setting device feature after initialzing buf
2026-09-19T23:00:57.115829777+01:00 - Set feature called
2026-09-19T23:00:57.115843111+01:00 - HidDevice { inner: HidDevice { .. }, vid: 3314, pid: 20784 } -> HidDeviceInfo { vendor_id: 3314, product_id: 20784 }
2026-09-19T23:00:57.145773733+01:00 - Applying lighting command
2026-09-19T23:00:57.145826659+01:00 - Setting feature in lighting
2026-09-19T23:00:57.145837245+01:00 - Setting device feature after initialzing buf
2026-09-19T23:00:57.145845266+01:00 - Set feature called
2026-09-19T23:00:57.145858804+01:00 - HidDevice { inner: HidDevice { .. }, vid: 3314, pid: 20784 } -> HidDeviceInfo { vendor_id: 3314, product_id: 20784 }
2026-09-19T23:00:57.175617060+01:00 - Applying lighting command
2026-09-19T23:00:57.175656702+01:00 - Setting feature in lighting
2026-09-19T23:00:57.175666704+01:00 - Setting device feature after initialzing buf
2026-09-19T23:00:57.175674667+01:00 - Set feature called
2026-09-19T23:00:57.175687843+01:00 - HidDevice { inner: HidDevice { .. }, vid: 3314, pid: 20784 } -> HidDeviceInfo { vendor_id: 3314, product_id: 20784 }
2026-09-19T23:00:57.205804222+01:00 - Applying lighting command
2026-09-19T23:00:57.205862357+01:00 - Setting feature in lighting
2026-09-19T23:00:57.205872604+01:00 - Setting device feature after initialzing buf
2026-09-19T23:00:57.205880719+01:00 - Set feature called
2026-09-19T23:00:57.205900134+01:00 - HidDevice { inner: HidDevice { .. }, vid: 3314, pid: 20784 } -> HidDeviceInfo { vendor_id: 3314, product_id: 20784 }
2026-09-19T23:00:57.235884004+01:00 - Applying lighting command
2026-09-19T23:00:57.235934008+01:00 - Setting feature in lighting
2026-09-19T23:00:57.235944199+01:00 - Setting device feature after initialzing buf
2026-09-19T23:00:57.235952323+01:00 - Set feature called
2026-09-19T23:00:57.235965876+01:00 - HidDevice { inner: HidDevice { .. }, vid: 3314, pid: 20784 } -> HidDeviceInfo { vendor_id: 3314, product_id: 20784 }
2026-09-19T23:00:57.266941496+01:00 - Applying lighting command
2026-09-19T23:00:57.266984956+01:00 - Setting feature in lighting
2026-09-19T23:00:57.266995862+01:00 - Setting device feature after initialzing buf
2026-09-19T23:00:57.267004146+01:00 - Set feature called
2026-09-19T23:00:57.267018110+01:00 - HidDevice { inner: HidDevice { .. }, vid: 3314, pid: 20784 } -> HidDeviceInfo { vendor_id: 3314, product_id: 20784 }
2026-09-19T23:00:57.298084142+01:00 - Applying lighting command
2026-09-19T23:00:57.298125760+01:00 - Setting feature in lighting
2026-09-19T23:00:57.298136+01:00 - Setting device feature after initialzing buf
2026-09-19T23:00:57.298144212+01:00 - Set feature called
2026-09-19T23:00:57.298157965+01:00 - HidDevice { inner: HidDevice { .. }, vid: 3314, pid: 20784 } -> HidDeviceInfo { vendor_id: 3314, product_id: 20784 }
2026-09-19T23:00:57.332987857+01:00 - Applying lighting command
2026-09-19T23:00:57.333037065+01:00 - Setting feature in lighting
2026-09-19T23:00:57.333042333+01:00 - Setting device feature after initialzing buf
2026-09-19T23:00:57.333046327+01:00 - Set feature called
2026-09-19T23:00:57.333055029+01:00 - HidDevice { inner: HidDevice { .. }, vid: 3314, pid: 20784 } -> HidDeviceInfo { vendor_id: 3314, product_id: 20784 }
2026-09-19T23:00:57.364395763+01:00 - Applying lighting command
2026-09-19T23:00:57.364448582+01:00 - Setting feature in lighting
2026-09-19T23:00:57.364458889+01:00 - Setting device feature after initialzing buf
2026-09-19T23:00:57.364466961+01:00 - Set feature called
2026-09-19T23:00:57.364480895+01:00 - HidDevice { inner: HidDevice { .. }, vid: 3314, pid: 20784 } -> HidDeviceInfo { vendor_id: 3314, product_id: 20784 }
2026-09-19T23:00:57.398034191+01:00 - Applying lighting command
2026-09-19T23:00:57.398080311+01:00 - Setting feature in lighting
2026-09-19T23:00:57.398090529+01:00 - Setting device feature after initialzing buf
2026-09-19T23:00:57.398109288+01:00 - Set feature called
2026-09-19T23:00:57.398123425+01:00 - HidDevice { inner: HidDevice { .. }, vid: 3314, pid: 20784 } -> HidDeviceInfo { vendor_id: 3314, product_id: 20784 }
2026-09-19T23:00:57.432941732+01:00 - Applying lighting command
2026-09-19T23:00:57.432988070+01:00 - Setting feature in lighting
2026-09-19T23:00:57.432998338+01:00 - Setting device feature after initialzing buf
2026-09-19T23:00:57.433006112+01:00 - Set feature called
2026-09-19T23:00:57.433019685+01:00 - HidDevice { inner: HidDevice { .. }, vid: 3314, pid: 20784 } -> HidDeviceInfo { vendor_id: 3314, product_id: 20784 }
2026-09-19T23:00:57.464058309+01:00 - Applying lighting command
2026-09-19T23:00:57.464106940+01:00 - Setting feature in lighting
2026-09-19T23:00:57.464117357+01:00 - Setting device feature after initialzing buf
2026-09-19T23:00:57.464125261+01:00 - Set feature called
2026-09-19T23:00:57.464139236+01:00 - HidDevice { inner: HidDevice { .. }, vid: 3314, pid: 20784 } -> HidDeviceInfo { vendor_id: 3314, product_id: 20784 }
2026-09-19T23:00:57.493959832+01:00 - Applying lighting command
2026-09-19T23:00:57.494003298+01:00 - Setting feature in lighting
2026-09-19T23:00:57.494013657+01:00 - Setting device feature after initialzing buf
2026-09-19T23:00:57.494021980+01:00 - Set feature called
2026-09-19T23:00:57.494035734+01:00 - HidDevice { inner: HidDevice { .. }, vid: 3314, pid: 20784 } -> HidDeviceInfo { vendor_id: 3314, product_id: 20784 }
2026-09-19T23:00:57.524056748+01:00 - Applying lighting command
2026-09-19T23:00:57.524105135+01:00 - Setting feature in lighting
2026-09-19T23:00:57.524115437+01:00 - Setting device feature after initialzing buf
2026-09-19T23:00:57.524123411+01:00 - Set feature called
2026-09-19T23:00:57.524137443+01:00 - HidDevice { inner: HidDevice { .. }, vid: 3314, pid: 20784 } -> HidDeviceInfo { vendor_id: 3314, product_id: 20784 }
2026-09-19T23:00:57.554396676+01:00 - Applying lighting command
2026-09-19T23:00:57.554437584+01:00 - Setting feature in lighting
2026-09-19T23:00:57.554448031+01:00 - Setting device feature after initialzing buf
2026-09-19T23:00:57.554455714+01:00 - Set feature called
2026-09-19T23:00:57.554468662+01:00 - HidDevice { inner: HidDevice { .. }, vid: 3314, pid: 20784 } -> HidDeviceInfo { vendor_id: 3314, product_id: 20784 }
2026-09-19T23:00:57.585863323+01:00 - Applying lighting command
2026-09-19T23:00:57.585926274+01:00 - Setting feature in lighting
2026-09-19T23:00:57.585931948+01:00 - Setting device feature after initialzing buf
2026-09-19T23:00:57.585936101+01:00 - Set feature called
2026-09-19T23:00:57.585945839+01:00 - HidDevice { inner: HidDevice { .. }, vid: 3314, pid: 20784 } -> HidDeviceInfo { vendor_id: 3314, product_id: 20784 }
2026-09-19T23:00:57.617000838+01:00 - Applying lighting command
2026-09-19T23:00:57.617057564+01:00 - Setting feature in lighting
2026-09-19T23:00:57.617062951+01:00 - Setting device feature after initialzing buf
2026-09-19T23:00:57.617066947+01:00 - Set feature called
2026-09-19T23:00:57.617076746+01:00 - HidDevice { inner: HidDevice { .. }, vid: 3314, pid: 20784 } -> HidDeviceInfo { vendor_id: 3314, product_id: 20784 }
2026-09-19T23:00:57.648347506+01:00 - Applying lighting command
2026-09-19T23:00:57.648396178+01:00 - Setting feature in lighting
2026-09-19T23:00:57.648404795+01:00 - Setting device feature after initialzing buf
2026-09-19T23:00:57.648411732+01:00 - Set feature called
2026-09-19T23:00:57.648423878+01:00 - HidDevice { inner: HidDevice { .. }, vid: 3314, pid: 20784 } -> HidDeviceInfo { vendor_id: 3314, product_id: 20784 }
2026-09-19T23:01:28.923578625+01:00 - Applying lighting command
2026-09-19T23:01:28.923657526+01:00 - Setting feature in lighting
2026-09-19T23:01:28.923670349+01:00 - Setting device feature after initialzing buf
2026-09-19T23:01:28.923679621+01:00 - Set feature called
2026-09-19T23:01:28.923695797+01:00 - HidDevice { inner: HidDevice { .. }, vid: 3314, pid: 20784 } -> HidDeviceInfo { vendor_id: 3314, product_id: 20784 }
2026-09-19T23:01:29.423374440+01:00 - Applying lighting command
2026-09-19T23:01:29.423501546+01:00 - Setting feature in lighting
2026-09-19T23:01:29.423513082+01:00 - Setting device feature after initialzing buf
2026-09-19T23:01:29.423521575+01:00 - Set feature called
2026-09-19T23:01:29.423540925+01:00 - HidDevice { inner: HidDevice { .. }, vid: 3314, pid: 20784 } -> HidDeviceInfo { vendor_id: 3314, product_id: 20784 }
2026-09-19T23:01:29.452803451+01:00 - Applying lighting command
2026-09-19T23:01:29.452853597+01:00 - Setting feature in lighting
2026-09-19T23:01:29.452864026+01:00 - Setting device feature after initialzing buf
2026-09-19T23:01:29.452872070+01:00 - Set feature called
2026-09-19T23:01:29.452885682+01:00 - HidDevice { inner: HidDevice { .. }, vid: 3314, pid: 20784 } -> HidDeviceInfo { vendor_id: 3314, product_id: 20784 }
2026-09-19T23:01:29.482616560+01:00 - Applying lighting command
2026-09-19T23:01:29.482658074+01:00 - Setting feature in lighting
2026-09-19T23:01:29.482674815+01:00 - Setting device feature after initialzing buf
2026-09-19T23:01:29.482682954+01:00 - Set feature called
2026-09-19T23:01:29.482696765+01:00 - HidDevice { inner: HidDevice { .. }, vid: 3314, pid: 20784 } -> HidDeviceInfo { vendor_id: 3314, product_id: 20784 }
2026-09-19T23:01:29.512878521+01:00 - Applying lighting command
2026-09-19T23:01:29.512933054+01:00 - Setting feature in lighting
2026-09-19T23:01:29.512943075+01:00 - Setting device feature after initialzing buf
2026-09-19T23:01:29.512950954+01:00 - Set feature called
2026-09-19T23:01:29.512965221+01:00 - HidDevice { inner: HidDevice { .. }, vid: 3314, pid: 20784 } -> HidDeviceInfo { vendor_id: 3314, product_id: 20784 }
2026-09-19T23:01:29.541275844+01:00 - Applying lighting command
2026-09-19T23:01:29.541325078+01:00 - Setting feature in lighting
2026-09-19T23:01:29.541335699+01:00 - Setting device feature after initialzing buf
2026-09-19T23:01:29.541343575+01:00 - Set feature called
2026-09-19T23:01:29.541358085+01:00 - HidDevice { inner: HidDevice { .. }, vid: 3314, pid: 20784 } -> HidDeviceInfo { vendor_id: 3314, product_id: 20784 }
2026-09-19T23:01:29.574929244+01:00 - Applying lighting command
2026-09-19T23:01:29.574976804+01:00 - Setting feature in lighting
2026-09-19T23:01:29.574980821+01:00 - Setting device feature after initialzing buf
2026-09-19T23:01:29.574982960+01:00 - Set feature called
2026-09-19T23:01:29.574989582+01:00 - HidDevice { inner: HidDevice { .. }, vid: 3314, pid: 20784 } -> HidDeviceInfo { vendor_id: 3314, product_id: 20784 }
2026-09-19T23:01:29.605751615+01:00 - Applying lighting command
2026-09-19T23:01:29.605792250+01:00 - Setting feature in lighting
2026-09-19T23:01:29.605800751+01:00 - Setting device feature after initialzing buf
2026-09-19T23:01:29.605806475+01:00 - Set feature called
2026-09-19T23:01:29.605817971+01:00 - HidDevice { inner: HidDevice { .. }, vid: 3314, pid: 20784 } -> HidDeviceInfo { vendor_id: 3314, product_id: 20784 }
2026-09-19T23:01:29.639723605+01:00 - Applying lighting command
2026-09-19T23:01:29.639749077+01:00 - Setting feature in lighting
2026-09-19T23:01:29.639752554+01:00 - Setting device feature after initialzing buf
2026-09-19T23:01:29.639754777+01:00 - Set feature called
2026-09-19T23:01:29.639760326+01:00 - HidDevice { inner: HidDevice { .. }, vid: 3314, pid: 20784 } -> HidDeviceInfo { vendor_id: 3314, product_id: 20784 }
2026-09-19T23:01:29.668818499+01:00 - Applying lighting command
2026-09-19T23:01:29.668840407+01:00 - Setting feature in lighting
2026-09-19T23:01:29.668843507+01:00 - Setting device feature after initialzing buf
2026-09-19T23:01:29.668845571+01:00 - Set feature called
2026-09-19T23:01:29.668850642+01:00 - HidDevice { inner: HidDevice { .. }, vid: 3314, pid: 20784 } -> HidDeviceInfo { vendor_id: 3314, product_id: 20784 }
2026-09-19T23:01:29.698895577+01:00 - Applying lighting command
2026-09-19T23:01:29.698917501+01:00 - Setting feature in lighting
2026-09-19T23:01:29.698920951+01:00 - Setting device feature after initialzing buf
2026-09-19T23:01:29.698923106+01:00 - Set feature called
2026-09-19T23:01:29.698927834+01:00 - HidDevice { inner: HidDevice { .. }, vid: 3314, pid: 20784 } -> HidDeviceInfo { vendor_id: 3314, product_id: 20784 }
2026-09-19T23:01:29.730149457+01:00 - Applying lighting command
2026-09-19T23:01:29.730172086+01:00 - Setting feature in lighting
2026-09-19T23:01:29.730175576+01:00 - Setting device feature after initialzing buf
2026-09-19T23:01:29.730177830+01:00 - Set feature called
2026-09-19T23:01:29.730182860+01:00 - HidDevice { inner: HidDevice { .. }, vid: 3314, pid: 20784 } -> HidDeviceInfo { vendor_id: 3314, product_id: 20784 }
2026-09-19T23:01:29.760516031+01:00 - Applying lighting command
2026-09-19T23:01:29.760542648+01:00 - Setting feature in lighting
2026-09-19T23:01:29.760546456+01:00 - Setting device feature after initialzing buf
2026-09-19T23:01:29.760548603+01:00 - Set feature called
2026-09-19T23:01:29.760553647+01:00 - HidDevice { inner: HidDevice { .. }, vid: 3314, pid: 20784 } -> HidDeviceInfo { vendor_id: 3314, product_id: 20784 }
2026-09-19T23:01:29.791141545+01:00 - Applying lighting command
2026-09-19T23:01:29.791170510+01:00 - Setting feature in lighting
2026-09-19T23:01:29.791174219+01:00 - Setting device feature after initialzing buf
2026-09-19T23:01:29.791176325+01:00 - Set feature called
2026-09-19T23:01:29.791181600+01:00 - HidDevice { inner: HidDevice { .. }, vid: 3314, pid: 20784 } -> HidDeviceInfo { vendor_id: 3314, product_id: 20784 }
2026-09-19T23:01:29.822394011+01:00 - Applying lighting command
2026-09-19T23:01:29.822421529+01:00 - Setting feature in lighting
2026-09-19T23:01:29.822425068+01:00 - Setting device feature after initialzing buf
2026-09-19T23:01:29.822427282+01:00 - Set feature called
2026-09-19T23:01:29.822432801+01:00 - HidDevice { inner: HidDevice { .. }, vid: 3314, pid: 20784 } -> HidDeviceInfo { vendor_id: 3314, product_id: 20784 }
2026-09-19T23:01:29.852773236+01:00 - Applying lighting command
2026-09-19T23:01:29.852799458+01:00 - Setting feature in lighting
2026-09-19T23:01:29.852802852+01:00 - Setting device feature after initialzing buf
2026-09-19T23:01:29.852805043+01:00 - Set feature called
2026-09-19T23:01:29.852810559+01:00 - HidDevice { inner: HidDevice { .. }, vid: 3314, pid: 20784 } -> HidDeviceInfo { vendor_id: 3314, product_id: 20784 }
2026-09-19T23:01:29.883420076+01:00 - Applying lighting command
2026-09-19T23:01:29.883468307+01:00 - Setting feature in lighting
2026-09-19T23:01:29.883474156+01:00 - Setting device feature after initialzing buf
2026-09-19T23:01:29.883476353+01:00 - Set feature called
2026-09-19T23:01:29.883481305+01:00 - HidDevice { inner: HidDevice { .. }, vid: 3314, pid: 20784 } -> HidDeviceInfo { vendor_id: 3314, product_id: 20784 }
2026-09-19T23:01:29.914010495+01:00 - Applying lighting command
2026-09-19T23:01:29.914036898+01:00 - Setting feature in lighting
2026-09-19T23:01:29.914040463+01:00 - Setting device feature after initialzing buf
2026-09-19T23:01:29.914042739+01:00 - Set feature called
2026-09-19T23:01:29.914047990+01:00 - HidDevice { inner: HidDevice { .. }, vid: 3314, pid: 20784 } -> HidDeviceInfo { vendor_id: 3314, product_id: 20784 }
2026-09-19T23:01:29.944297303+01:00 - Applying lighting command
2026-09-19T23:01:29.944348402+01:00 - Setting feature in lighting
2026-09-19T23:01:29.944351881+01:00 - Setting device feature after initialzing buf
2026-09-19T23:01:29.944354070+01:00 - Set feature called
2026-09-19T23:01:29.944359298+01:00 - HidDevice { inner: HidDevice { .. }, vid: 3314, pid: 20784 } -> HidDeviceInfo { vendor_id: 3314, product_id: 20784 }
2026-09-19T23:01:29.974256041+01:00 - Applying lighting command
2026-09-19T23:01:29.974281419+01:00 - Setting feature in lighting
2026-09-19T23:01:29.974284841+01:00 - Setting device feature after initialzing buf
2026-09-19T23:01:29.974286926+01:00 - Set feature called
2026-09-19T23:01:29.974292227+01:00 - HidDevice { inner: HidDevice { .. }, vid: 3314, pid: 20784 } -> HidDeviceInfo { vendor_id: 3314, product_id: 20784 }
2026-09-19T23:01:30.006817759+01:00 - Applying lighting command
2026-09-19T23:01:30.006852214+01:00 - Setting feature in lighting
2026-09-19T23:01:30.006855811+01:00 - Setting device feature after initialzing buf
2026-09-19T23:01:30.006864951+01:00 - Set feature called
2026-09-19T23:01:30.006870670+01:00 - HidDevice { inner: HidDevice { .. }, vid: 3314, pid: 20784 } -> HidDeviceInfo { vendor_id: 3314, product_id: 20784 }
2026-09-19T23:01:30.037606284+01:00 - Applying lighting command
2026-09-19T23:01:30.037642293+01:00 - Setting feature in lighting
2026-09-19T23:01:30.037645790+01:00 - Setting device feature after initialzing buf
2026-09-19T23:01:30.037647952+01:00 - Set feature called
2026-09-19T23:01:30.037653432+01:00 - HidDevice { inner: HidDevice { .. }, vid: 3314, pid: 20784 } -> HidDeviceInfo { vendor_id: 3314, product_id: 20784 }
2026-09-19T23:01:30.067677831+01:00 - Applying lighting command
2026-09-19T23:01:30.067720945+01:00 - Setting feature in lighting
2026-09-19T23:01:30.067724524+01:00 - Setting device feature after initialzing buf
2026-09-19T23:01:30.067726638+01:00 - Set feature called
2026-09-19T23:01:30.067733298+01:00 - HidDevice { inner: HidDevice { .. }, vid: 3314, pid: 20784 } -> HidDeviceInfo { vendor_id: 3314, product_id: 20784 }
2026-09-19T23:01:30.098946410+01:00 - Applying lighting command
2026-09-19T23:01:30.098980701+01:00 - Setting feature in lighting
2026-09-19T23:01:30.098984293+01:00 - Setting device feature after initialzing buf
2026-09-19T23:01:30.098986544+01:00 - Set feature called
2026-09-19T23:01:30.098992693+01:00 - HidDevice { inner: HidDevice { .. }, vid: 3314, pid: 20784 } -> HidDeviceInfo { vendor_id: 3314, product_id: 20784 }
2026-09-19T23:01:30.128721713+01:00 - Applying lighting command
2026-09-19T23:01:30.128750836+01:00 - Setting feature in lighting
2026-09-19T23:01:30.128754420+01:00 - Setting device feature after initialzing buf
2026-09-19T23:01:30.128756656+01:00 - Set feature called
2026-09-19T23:01:30.128762413+01:00 - HidDevice { inner: HidDevice { .. }, vid: 3314, pid: 20784 } -> HidDeviceInfo { vendor_id: 3314, product_id: 20784 }
2026-09-19T23:01:30.158385729+01:00 - Applying lighting command
2026-09-19T23:01:30.158407489+01:00 - Setting feature in lighting
2026-09-19T23:01:30.158411148+01:00 - Setting device feature after initialzing buf
2026-09-19T23:01:30.158413320+01:00 - Set feature called
2026-09-19T23:01:30.158418050+01:00 - HidDevice { inner: HidDevice { .. }, vid: 3314, pid: 20784 } -> HidDeviceInfo { vendor_id: 3314, product_id: 20784 }
2026-09-19T23:01:30.188505709+01:00 - Applying lighting command
2026-09-19T23:01:30.188530045+01:00 - Setting feature in lighting
2026-09-19T23:01:30.188533569+01:00 - Setting device feature after initialzing buf
2026-09-19T23:01:30.188535828+01:00 - Set feature called
2026-09-19T23:01:30.188540713+01:00 - HidDevice { inner: HidDevice { .. }, vid: 3314, pid: 20784 } -> HidDeviceInfo { vendor_id: 3314, product_id: 20784 }
2026-09-19T23:01:30.219567244+01:00 - Applying lighting command
2026-09-19T23:01:30.219597091+01:00 - Setting feature in lighting
2026-09-19T23:01:30.219600613+01:00 - Setting device feature after initialzing buf
2026-09-19T23:01:30.219602658+01:00 - Set feature called
2026-09-19T23:01:30.219608129+01:00 - HidDevice { inner: HidDevice { .. }, vid: 3314, pid: 20784 } -> HidDeviceInfo { vendor_id: 3314, product_id: 20784 }
2026-09-19T23:01:30.249820857+01:00 - Applying lighting command
2026-09-19T23:01:30.249846588+01:00 - Setting feature in lighting
2026-09-19T23:01:30.249850012+01:00 - Setting device feature after initialzing buf
2026-09-19T23:01:30.249852165+01:00 - Set feature called
2026-09-19T23:01:30.249857297+01:00 - HidDevice { inner: HidDevice { .. }, vid: 3314, pid: 20784 } -> HidDeviceInfo { vendor_id: 3314, product_id: 20784 }
2026-09-19T23:01:30.280322549+01:00 - Applying lighting command
2026-09-19T23:01:30.280354099+01:00 - Setting feature in lighting
2026-09-19T23:01:30.280357695+01:00 - Setting device feature after initialzing buf
2026-09-19T23:01:30.280359890+01:00 - Set feature called
2026-09-19T23:01:30.280365762+01:00 - HidDevice { inner: HidDevice { .. }, vid: 3314, pid: 20784 } -> HidDeviceInfo { vendor_id: 3314, product_id: 20784 }
2026-09-19T23:01:30.309310923+01:00 - Applying lighting command
2026-09-19T23:01:30.309338146+01:00 - Setting feature in lighting
2026-09-19T23:01:30.309342682+01:00 - Setting device feature after initialzing buf
2026-09-19T23:01:30.309345137+01:00 - Set feature called
2026-09-19T23:01:30.309350635+01:00 - HidDevice { inner: HidDevice { .. }, vid: 3314, pid: 20784 } -> HidDeviceInfo { vendor_id: 3314, product_id: 20784 }
2026-09-19T23:01:30.341091347+01:00 - Applying lighting command
2026-09-19T23:01:30.341134739+01:00 - Setting feature in lighting
2026-09-19T23:01:30.341138575+01:00 - Setting device feature after initialzing buf
2026-09-19T23:01:30.341140763+01:00 - Set feature called
2026-09-19T23:01:30.341146003+01:00 - HidDevice { inner: HidDevice { .. }, vid: 3314, pid: 20784 } -> HidDeviceInfo { vendor_id: 3314, product_id: 20784 }
2026-09-19T23:01:30.372521024+01:00 - Applying lighting command
2026-09-19T23:01:30.372552423+01:00 - Setting feature in lighting
2026-09-19T23:01:30.372555992+01:00 - Setting device feature after initialzing buf
2026-09-19T23:01:30.372558075+01:00 - Set feature called
2026-09-19T23:01:30.372563349+01:00 - HidDevice { inner: HidDevice { .. }, vid: 3314, pid: 20784 } -> HidDeviceInfo { vendor_id: 3314, product_id: 20784 }
2026-09-19T23:01:30.403381266+01:00 - Applying lighting command
2026-09-19T23:01:30.403407135+01:00 - Setting feature in lighting
2026-09-19T23:01:30.403410518+01:00 - Setting device feature after initialzing buf
2026-09-19T23:01:30.403412806+01:00 - Set feature called
2026-09-19T23:01:30.403417795+01:00 - HidDevice { inner: HidDevice { .. }, vid: 3314, pid: 20784 } -> HidDeviceInfo { vendor_id: 3314, product_id: 20784 }
2026-09-19T23:01:30.434145531+01:00 - Applying lighting command
2026-09-19T23:01:30.434173872+01:00 - Setting feature in lighting
2026-09-19T23:01:30.434177395+01:00 - Setting device feature after initialzing buf
2026-09-19T23:01:30.434179807+01:00 - Set feature called
2026-09-19T23:01:30.434185116+01:00 - HidDevice { inner: HidDevice { .. }, vid: 3314, pid: 20784 } -> HidDeviceInfo { vendor_id: 3314, product_id: 20784 }
2026-09-19T23:01:30.464293411+01:00 - Applying lighting command
2026-09-19T23:01:30.464320319+01:00 - Setting feature in lighting
2026-09-19T23:01:30.464323783+01:00 - Setting device feature after initialzing buf
2026-09-19T23:01:30.464325895+01:00 - Set feature called
2026-09-19T23:01:30.464330893+01:00 - HidDevice { inner: HidDevice { .. }, vid: 3314, pid: 20784 } -> HidDeviceInfo { vendor_id: 3314, product_id: 20784 }
2026-09-19T23:01:30.493493455+01:00 - Applying lighting command
2026-09-19T23:01:30.493552360+01:00 - Setting feature in lighting
2026-09-19T23:01:30.493562991+01:00 - Setting device feature after initialzing buf
2026-09-19T23:01:30.493571046+01:00 - Set feature called
2026-09-19T23:01:30.493585037+01:00 - HidDevice { inner: HidDevice { .. }, vid: 3314, pid: 20784 } -> HidDeviceInfo { vendor_id: 3314, product_id: 20784 }
2026-09-19T23:01:30.524042806+01:00 - Applying lighting command
2026-09-19T23:01:30.524088697+01:00 - Setting feature in lighting
2026-09-19T23:01:30.524099295+01:00 - Setting device feature after initialzing buf
2026-09-19T23:01:30.524107245+01:00 - Set feature called
2026-09-19T23:01:30.524121296+01:00 - HidDevice { inner: HidDevice { .. }, vid: 3314, pid: 20784 } -> HidDeviceInfo { vendor_id: 3314, product_id: 20784 }
2026-09-19T23:01:30.554278412+01:00 - Applying lighting command
2026-09-19T23:01:30.554328175+01:00 - Setting feature in lighting
2026-09-19T23:01:30.554338688+01:00 - Setting device feature after initialzing buf
2026-09-19T23:01:30.554346645+01:00 - Set feature called
2026-09-19T23:01:30.554360385+01:00 - HidDevice { inner: HidDevice { .. }, vid: 3314, pid: 20784 } -> HidDeviceInfo { vendor_id: 3314, product_id: 20784 }
2026-09-19T23:01:30.584041738+01:00 - Applying lighting command
2026-09-19T23:01:30.584095107+01:00 - Setting feature in lighting
2026-09-19T23:01:30.584101546+01:00 - Setting device feature after initialzing buf
2026-09-19T23:01:30.584106620+01:00 - Set feature called
2026-09-19T23:01:30.584126105+01:00 - HidDevice { inner: HidDevice { .. }, vid: 3314, pid: 20784 } -> HidDeviceInfo { vendor_id: 3314, product_id: 20784 }
2026-09-19T23:01:30.791436075+01:00 - Applying lighting command
2026-09-19T23:01:30.791538668+01:00 - Setting feature in lighting
2026-09-19T23:01:30.791549310+01:00 - Setting device feature after initialzing buf
2026-09-19T23:01:30.791557723+01:00 - Set feature called
2026-09-19T23:01:30.791576734+01:00 - HidDevice { inner: HidDevice { .. }, vid: 3314, pid: 20784 } -> HidDeviceInfo { vendor_id: 3314, product_id: 20784 }
2026-09-19T23:01:31.291127726+01:00 - Applying lighting command
2026-09-19T23:01:31.291201756+01:00 - Setting feature in lighting
2026-09-19T23:01:31.291212248+01:00 - Setting device feature after initialzing buf
2026-09-19T23:01:31.291220506+01:00 - Set feature called
2026-09-19T23:01:31.291236179+01:00 - HidDevice { inner: HidDevice { .. }, vid: 3314, pid: 20784 } -> HidDeviceInfo { vendor_id: 3314, product_id: 20784 }
2026-09-19T23:01:31.321198635+01:00 - Applying lighting command
2026-09-19T23:01:31.321241182+01:00 - Setting feature in lighting
2026-09-19T23:01:31.321251368+01:00 - Setting device feature after initialzing buf
2026-09-19T23:01:31.321259442+01:00 - Set feature called
2026-09-19T23:01:31.321272891+01:00 - HidDevice { inner: HidDevice { .. }, vid: 3314, pid: 20784 } -> HidDeviceInfo { vendor_id: 3314, product_id: 20784 }
2026-09-19T23:01:31.350718202+01:00 - Applying lighting command
2026-09-19T23:01:31.350756049+01:00 - Setting feature in lighting
2026-09-19T23:01:31.350766325+01:00 - Setting device feature after initialzing buf
2026-09-19T23:01:31.350774388+01:00 - Set feature called
2026-09-19T23:01:31.350787766+01:00 - HidDevice { inner: HidDevice { .. }, vid: 3314, pid: 20784 } -> HidDeviceInfo { vendor_id: 3314, product_id: 20784 }
2026-09-19T23:01:31.380938713+01:00 - Applying lighting command
2026-09-19T23:01:31.380980468+01:00 - Setting feature in lighting
2026-09-19T23:01:31.380990520+01:00 - Setting device feature after initialzing buf
2026-09-19T23:01:31.380998453+01:00 - Set feature called
2026-09-19T23:01:31.381012414+01:00 - HidDevice { inner: HidDevice { .. }, vid: 3314, pid: 20784 } -> HidDeviceInfo { vendor_id: 3314, product_id: 20784 }
2026-09-19T23:01:31.410681895+01:00 - Applying lighting command
2026-09-19T23:01:31.410725983+01:00 - Setting feature in lighting
2026-09-19T23:01:31.410733345+01:00 - Setting device feature after initialzing buf
2026-09-19T23:01:31.410738353+01:00 - Set feature called
2026-09-19T23:01:31.410744159+01:00 - HidDevice { inner: HidDevice { .. }, vid: 3314, pid: 20784 } -> HidDeviceInfo { vendor_id: 3314, product_id: 20784 }
2026-09-19T23:01:31.443056453+01:00 - Applying lighting command
2026-09-19T23:01:31.443100737+01:00 - Setting feature in lighting
2026-09-19T23:01:31.443104499+01:00 - Setting device feature after initialzing buf
2026-09-19T23:01:31.443107082+01:00 - Set feature called
2026-09-19T23:01:31.443113905+01:00 - HidDevice { inner: HidDevice { .. }, vid: 3314, pid: 20784 } -> HidDeviceInfo { vendor_id: 3314, product_id: 20784 }
2026-09-19T23:01:31.472804078+01:00 - Applying lighting command
2026-09-19T23:01:31.472839067+01:00 - Setting feature in lighting
2026-09-19T23:01:31.472842841+01:00 - Setting device feature after initialzing buf
2026-09-19T23:01:31.472845206+01:00 - Set feature called
2026-09-19T23:01:31.472851536+01:00 - HidDevice { inner: HidDevice { .. }, vid: 3314, pid: 20784 } -> HidDeviceInfo { vendor_id: 3314, product_id: 20784 }
2026-09-19T23:01:31.502617329+01:00 - Applying lighting command
2026-09-19T23:01:31.502643012+01:00 - Setting feature in lighting
2026-09-19T23:01:31.502646557+01:00 - Setting device feature after initialzing buf
2026-09-19T23:01:31.502648790+01:00 - Set feature called
2026-09-19T23:01:31.502654079+01:00 - HidDevice { inner: HidDevice { .. }, vid: 3314, pid: 20784 } -> HidDeviceInfo { vendor_id: 3314, product_id: 20784 }
2026-09-19T23:01:31.533447598+01:00 - Applying lighting command
2026-09-19T23:01:31.533477909+01:00 - Setting feature in lighting
2026-09-19T23:01:31.533488803+01:00 - Setting device feature after initialzing buf
2026-09-19T23:01:31.533491006+01:00 - Set feature called
2026-09-19T23:01:31.533496171+01:00 - HidDevice { inner: HidDevice { .. }, vid: 3314, pid: 20784 } -> HidDeviceInfo { vendor_id: 3314, product_id: 20784 }
2026-09-19T23:01:31.564400241+01:00 - Applying lighting command
2026-09-19T23:01:31.564431496+01:00 - Setting feature in lighting
2026-09-19T23:01:31.564435139+01:00 - Setting device feature after initialzing buf
2026-09-19T23:01:31.564437260+01:00 - Set feature called
2026-09-19T23:01:31.564442579+01:00 - HidDevice { inner: HidDevice { .. }, vid: 3314, pid: 20784 } -> HidDeviceInfo { vendor_id: 3314, product_id: 20784 }
2026-09-19T23:01:31.594491390+01:00 - Applying lighting command
2026-09-19T23:01:31.594516623+01:00 - Setting feature in lighting
2026-09-19T23:01:31.594520110+01:00 - Setting device feature after initialzing buf
2026-09-19T23:01:31.594522206+01:00 - Set feature called
2026-09-19T23:01:31.594527243+01:00 - HidDevice { inner: HidDevice { .. }, vid: 3314, pid: 20784 } -> HidDeviceInfo { vendor_id: 3314, product_id: 20784 }
2026-09-19T23:01:31.625157989+01:00 - Applying lighting command
2026-09-19T23:01:31.625183892+01:00 - Setting feature in lighting
2026-09-19T23:01:31.625187227+01:00 - Setting device feature after initialzing buf
2026-09-19T23:01:31.625189286+01:00 - Set feature called
2026-09-19T23:01:31.625194087+01:00 - HidDevice { inner: HidDevice { .. }, vid: 3314, pid: 20784 } -> HidDeviceInfo { vendor_id: 3314, product_id: 20784 }
2026-09-19T23:01:31.660649150+01:00 - Applying lighting command
2026-09-19T23:01:31.660680664+01:00 - Setting feature in lighting
2026-09-19T23:01:31.660683994+01:00 - Setting device feature after initialzing buf
2026-09-19T23:01:31.660686312+01:00 - Set feature called
2026-09-19T23:01:31.660692142+01:00 - HidDevice { inner: HidDevice { .. }, vid: 3314, pid: 20784 } -> HidDeviceInfo { vendor_id: 3314, product_id: 20784 }
2026-09-19T23:01:31.693285592+01:00 - Applying lighting command
2026-09-19T23:01:31.693315245+01:00 - Setting feature in lighting
2026-09-19T23:01:31.693318673+01:00 - Setting device feature after initialzing buf
2026-09-19T23:01:31.693320842+01:00 - Set feature called
2026-09-19T23:01:31.693326346+01:00 - HidDevice { inner: HidDevice { .. }, vid: 3314, pid: 20784 } -> HidDeviceInfo { vendor_id: 3314, product_id: 20784 }
2026-09-19T23:01:31.724944350+01:00 - Applying lighting command
2026-09-19T23:01:31.724972019+01:00 - Setting feature in lighting
2026-09-19T23:01:31.724975451+01:00 - Setting device feature after initialzing buf
2026-09-19T23:01:31.724977746+01:00 - Set feature called
2026-09-19T23:01:31.724983090+01:00 - HidDevice { inner: HidDevice { .. }, vid: 3314, pid: 20784 } -> HidDeviceInfo { vendor_id: 3314, product_id: 20784 }
2026-09-19T23:01:31.759492887+01:00 - Applying lighting command
2026-09-19T23:01:31.759518515+01:00 - Setting feature in lighting
2026-09-19T23:01:31.759521939+01:00 - Setting device feature after initialzing buf
2026-09-19T23:01:31.759523943+01:00 - Set feature called
2026-09-19T23:01:31.759529067+01:00 - HidDevice { inner: HidDevice { .. }, vid: 3314, pid: 20784 } -> HidDeviceInfo { vendor_id: 3314, product_id: 20784 }
2026-09-19T23:01:31.792590072+01:00 - Applying lighting command
2026-09-19T23:01:31.792647691+01:00 - Setting feature in lighting
2026-09-19T23:01:31.792651604+01:00 - Setting device feature after initialzing buf
2026-09-19T23:01:31.792653899+01:00 - Set feature called
2026-09-19T23:01:31.792661299+01:00 - HidDevice { inner: HidDevice { .. }, vid: 3314, pid: 20784 } -> HidDeviceInfo { vendor_id: 3314, product_id: 20784 }
2026-09-19T23:01:31.820023222+01:00 - Applying lighting command
2026-09-19T23:01:31.820060282+01:00 - Setting feature in lighting
2026-09-19T23:01:31.820064126+01:00 - Setting device feature after initialzing buf
2026-09-19T23:01:31.820066373+01:00 - Set feature called
2026-09-19T23:01:31.820072249+01:00 - HidDevice { inner: HidDevice { .. }, vid: 3314, pid: 20784 } -> HidDeviceInfo { vendor_id: 3314, product_id: 20784 }
2026-09-19T23:01:31.849250405+01:00 - Applying lighting command
2026-09-19T23:01:31.849274107+01:00 - Setting feature in lighting
2026-09-19T23:01:31.849278487+01:00 - Setting device feature after initialzing buf
2026-09-19T23:01:31.849280850+01:00 - Set feature called
2026-09-19T23:01:31.849285862+01:00 - HidDevice { inner: HidDevice { .. }, vid: 3314, pid: 20784 } -> HidDeviceInfo { vendor_id: 3314, product_id: 20784 }
2026-09-19T23:01:31.879495534+01:00 - Applying lighting command
2026-09-19T23:01:31.879542091+01:00 - Setting feature in lighting
2026-09-19T23:01:31.879545511+01:00 - Setting device feature after initialzing buf
2026-09-19T23:01:31.879547689+01:00 - Set feature called
2026-09-19T23:01:31.879552425+01:00 - HidDevice { inner: HidDevice { .. }, vid: 3314, pid: 20784 } -> HidDeviceInfo { vendor_id: 3314, product_id: 20784 }
2026-09-19T23:01:31.909977142+01:00 - Applying lighting command
2026-09-19T23:01:31.910017065+01:00 - Setting feature in lighting
2026-09-19T23:01:31.910024300+01:00 - Setting device feature after initialzing buf
2026-09-19T23:01:31.910029510+01:00 - Set feature called
2026-09-19T23:01:31.910040046+01:00 - HidDevice { inner: HidDevice { .. }, vid: 3314, pid: 20784 } -> HidDeviceInfo { vendor_id: 3314, product_id: 20784 }
2026-09-19T23:01:31.942727886+01:00 - Applying lighting command
2026-09-19T23:01:31.942753447+01:00 - Setting feature in lighting
2026-09-19T23:01:31.942757069+01:00 - Setting device feature after initialzing buf
2026-09-19T23:01:31.942759239+01:00 - Set feature called
2026-09-19T23:01:31.942764267+01:00 - HidDevice { inner: HidDevice { .. }, vid: 3314, pid: 20784 } -> HidDeviceInfo { vendor_id: 3314, product_id: 20784 }
2026-09-19T23:01:31.972222231+01:00 - Applying lighting command
2026-09-19T23:01:31.972262948+01:00 - Setting feature in lighting
2026-09-19T23:01:31.972266920+01:00 - Setting device feature after initialzing buf
2026-09-19T23:01:31.972269447+01:00 - Set feature called
2026-09-19T23:01:31.972275808+01:00 - HidDevice { inner: HidDevice { .. }, vid: 3314, pid: 20784 } -> HidDeviceInfo { vendor_id: 3314, product_id: 20784 }
2026-09-19T23:01:32.002697203+01:00 - Applying lighting command
2026-09-19T23:01:32.002744916+01:00 - Setting feature in lighting
2026-09-19T23:01:32.002748551+01:00 - Setting device feature after initialzing buf
2026-09-19T23:01:32.002750793+01:00 - Set feature called
2026-09-19T23:01:32.002756811+01:00 - HidDevice { inner: HidDevice { .. }, vid: 3314, pid: 20784 } -> HidDeviceInfo { vendor_id: 3314, product_id: 20784 }
2026-09-19T23:01:32.033432190+01:00 - Applying lighting command
2026-09-19T23:01:32.033461589+01:00 - Setting feature in lighting
2026-09-19T23:01:32.033465285+01:00 - Setting device feature after initialzing buf
2026-09-19T23:01:32.033467439+01:00 - Set feature called
2026-09-19T23:01:32.033473090+01:00 - HidDevice { inner: HidDevice { .. }, vid: 3314, pid: 20784 } -> HidDeviceInfo { vendor_id: 3314, product_id: 20784 }
2026-09-19T23:01:32.064085394+01:00 - Applying lighting command
2026-09-19T23:01:32.064111264+01:00 - Setting feature in lighting
2026-09-19T23:01:32.064114650+01:00 - Setting device feature after initialzing buf
2026-09-19T23:01:32.064116869+01:00 - Set feature called
2026-09-19T23:01:32.064121518+01:00 - HidDevice { inner: HidDevice { .. }, vid: 3314, pid: 20784 } -> HidDeviceInfo { vendor_id: 3314, product_id: 20784 }
2026-09-19T23:01:32.096564324+01:00 - Applying lighting command
2026-09-19T23:01:32.096603992+01:00 - Setting feature in lighting
2026-09-19T23:01:32.096607825+01:00 - Setting device feature after initialzing buf
2026-09-19T23:01:32.096609990+01:00 - Set feature called
2026-09-19T23:01:32.096615259+01:00 - HidDevice { inner: HidDevice { .. }, vid: 3314, pid: 20784 } -> HidDeviceInfo { vendor_id: 3314, product_id: 20784 }
2026-09-19T23:01:32.126717441+01:00 - Applying lighting command
2026-09-19T23:01:32.126762443+01:00 - Setting feature in lighting
2026-09-19T23:01:32.126772708+01:00 - Setting device feature after initialzing buf
2026-09-19T23:01:32.126780933+01:00 - Set feature called
2026-09-19T23:01:32.126805315+01:00 - HidDevice { inner: HidDevice { .. }, vid: 3314, pid: 20784 } -> HidDeviceInfo { vendor_id: 3314, product_id: 20784 }
2026-09-19T23:01:32.158761670+01:00 - Applying lighting command
2026-09-19T23:01:32.158806022+01:00 - Setting feature in lighting
2026-09-19T23:01:32.158816260+01:00 - Setting device feature after initialzing buf
2026-09-19T23:01:32.158825051+01:00 - Set feature called
2026-09-19T23:01:32.158838520+01:00 - HidDevice { inner: HidDevice { .. }, vid: 3314, pid: 20784 } -> HidDeviceInfo { vendor_id: 3314, product_id: 20784 }
2026-09-19T23:01:32.190055720+01:00 - Applying lighting command
2026-09-19T23:01:32.190103945+01:00 - Setting feature in lighting
2026-09-19T23:01:32.190114390+01:00 - Setting device feature after initialzing buf
2026-09-19T23:01:32.190122415+01:00 - Set feature called
2026-09-19T23:01:32.190136623+01:00 - HidDevice { inner: HidDevice { .. }, vid: 3314, pid: 20784 } -> HidDeviceInfo { vendor_id: 3314, product_id: 20784 }
2026-09-19T23:01:32.220564314+01:00 - Applying lighting command
2026-09-19T23:01:32.220616140+01:00 - Setting feature in lighting
2026-09-19T23:01:32.220626389+01:00 - Setting device feature after initialzing buf
2026-09-19T23:01:32.220634254+01:00 - Set feature called
2026-09-19T23:01:32.220648916+01:00 - HidDevice { inner: HidDevice { .. }, vid: 3314, pid: 20784 } -> HidDeviceInfo { vendor_id: 3314, product_id: 20784 }
2026-09-19T23:01:32.251117700+01:00 - Applying lighting command
2026-09-19T23:01:32.251160983+01:00 - Setting feature in lighting
2026-09-19T23:01:32.251171368+01:00 - Setting device feature after initialzing buf
2026-09-19T23:01:32.251179194+01:00 - Set feature called
2026-09-19T23:01:32.251192881+01:00 - HidDevice { inner: HidDevice { .. }, vid: 3314, pid: 20784 } -> HidDeviceInfo { vendor_id: 3314, product_id: 20784 }
2026-09-19T23:01:32.281967439+01:00 - Applying lighting command
2026-09-19T23:01:32.282015589+01:00 - Setting feature in lighting
2026-09-19T23:01:32.282026058+01:00 - Setting device feature after initialzing buf
2026-09-19T23:01:32.282034184+01:00 - Set feature called
2026-09-19T23:01:32.282048339+01:00 - HidDevice { inner: HidDevice { .. }, vid: 3314, pid: 20784 } -> HidDeviceInfo { vendor_id: 3314, product_id: 20784 }
2026-09-19T23:01:32.311793820+01:00 - Applying lighting command
2026-09-19T23:01:32.311844274+01:00 - Setting feature in lighting
2026-09-19T23:01:32.311854783+01:00 - Setting device feature after initialzing buf
2026-09-19T23:01:32.311862828+01:00 - Set feature called
2026-09-19T23:01:32.311876596+01:00 - HidDevice { inner: HidDevice { .. }, vid: 3314, pid: 20784 } -> HidDeviceInfo { vendor_id: 3314, product_id: 20784 }
2026-09-19T23:01:32.341505901+01:00 - Applying lighting command
2026-09-19T23:01:32.341534959+01:00 - Setting feature in lighting
2026-09-19T23:01:32.341541963+01:00 - Setting device feature after initialzing buf
2026-09-19T23:01:32.341547473+01:00 - Set feature called
2026-09-19T23:01:32.341556760+01:00 - HidDevice { inner: HidDevice { .. }, vid: 3314, pid: 20784 } -> HidDeviceInfo { vendor_id: 3314, product_id: 20784 }
2026-09-19T23:01:32.370379063+01:00 - Applying lighting command
2026-09-19T23:01:32.370402353+01:00 - Setting feature in lighting
2026-09-19T23:01:32.370405640+01:00 - Setting device feature after initialzing buf
2026-09-19T23:01:32.370407724+01:00 - Set feature called
2026-09-19T23:01:32.370412643+01:00 - HidDevice { inner: HidDevice { .. }, vid: 3314, pid: 20784 } -> HidDeviceInfo { vendor_id: 3314, product_id: 20784 }
2026-09-19T23:01:32.401354579+01:00 - Applying lighting command
2026-09-19T23:01:32.401395425+01:00 - Setting feature in lighting
2026-09-19T23:01:32.401402521+01:00 - Setting device feature after initialzing buf
2026-09-19T23:01:32.401407614+01:00 - Set feature called
2026-09-19T23:01:32.401418244+01:00 - HidDevice { inner: HidDevice { .. }, vid: 3314, pid: 20784 } -> HidDeviceInfo { vendor_id: 3314, product_id: 20784 }
2026-09-19T23:01:32.431594060+01:00 - Applying lighting command
2026-09-19T23:01:32.431627672+01:00 - Setting feature in lighting
2026-09-19T23:01:32.431642949+01:00 - Setting device feature after initialzing buf
2026-09-19T23:01:32.431645109+01:00 - Set feature called
2026-09-19T23:01:32.431650787+01:00 - HidDevice { inner: HidDevice { .. }, vid: 3314, pid: 20784 } -> HidDeviceInfo { vendor_id: 3314, product_id: 20784 }
2026-09-19T23:01:32.462561910+01:00 - Applying lighting command
2026-09-19T23:01:32.462604073+01:00 - Setting feature in lighting
2026-09-19T23:01:32.462611362+01:00 - Setting device feature after initialzing buf
2026-09-19T23:01:32.462616420+01:00 - Set feature called
2026-09-19T23:01:32.462623803+01:00 - HidDevice { inner: HidDevice { .. }, vid: 3314, pid: 20784 } -> HidDeviceInfo { vendor_id: 3314, product_id: 20784 }
2026-09-19T23:01:32.491733547+01:00 - Applying lighting command
2026-09-19T23:01:32.491765636+01:00 - Setting feature in lighting
2026-09-19T23:01:32.491768940+01:00 - Setting device feature after initialzing buf
2026-09-19T23:01:32.491771098+01:00 - Set feature called
2026-09-19T23:01:32.491777013+01:00 - HidDevice { inner: HidDevice { .. }, vid: 3314, pid: 20784 } -> HidDeviceInfo { vendor_id: 3314, product_id: 20784 }
2026-09-19T23:01:32.525576348+01:00 - Applying lighting command
2026-09-19T23:01:32.525619457+01:00 - Setting feature in lighting
2026-09-19T23:01:32.525626880+01:00 - Setting device feature after initialzing buf
2026-09-19T23:01:32.525632086+01:00 - Set feature called
2026-09-19T23:01:32.525642369+01:00 - HidDevice { inner: HidDevice { .. }, vid: 3314, pid: 20784 } -> HidDeviceInfo { vendor_id: 3314, product_id: 20784 }
2026-09-19T23:01:32.559229206+01:00 - Applying lighting command
2026-09-19T23:01:32.559269099+01:00 - Setting feature in lighting
2026-09-19T23:01:32.559279333+01:00 - Setting device feature after initialzing buf
2026-09-19T23:01:32.559287572+01:00 - Set feature called
2026-09-19T23:01:32.559301177+01:00 - HidDevice { inner: HidDevice { .. }, vid: 3314, pid: 20784 } -> HidDeviceInfo { vendor_id: 3314, product_id: 20784 }
2026-09-19T23:01:32.589461422+01:00 - Applying lighting command
2026-09-19T23:01:32.589502230+01:00 - Setting feature in lighting
2026-09-19T23:01:32.589512681+01:00 - Setting device feature after initialzing buf
2026-09-19T23:01:32.589520832+01:00 - Set feature called
2026-09-19T23:01:32.589534388+01:00 - HidDevice { inner: HidDevice { .. }, vid: 3314, pid: 20784 } -> HidDeviceInfo { vendor_id: 3314, product_id: 20784 }
2026-09-19T23:01:32.619971438+01:00 - Applying lighting command
2026-09-19T23:01:32.620018366+01:00 - Setting feature in lighting
2026-09-19T23:01:32.620028455+01:00 - Setting device feature after initialzing buf
2026-09-19T23:01:32.620036232+01:00 - Set feature called
2026-09-19T23:01:32.620050015+01:00 - HidDevice { inner: HidDevice { .. }, vid: 3314, pid: 20784 } -> HidDeviceInfo { vendor_id: 3314, product_id: 20784 }
2026-09-19T23:01:32.649462065+01:00 - Applying lighting command
2026-09-19T23:01:32.649502956+01:00 - Setting feature in lighting
2026-09-19T23:01:32.649513187+01:00 - Setting device feature after initialzing buf
2026-09-19T23:01:32.649521017+01:00 - Set feature called
2026-09-19T23:01:32.649534582+01:00 - HidDevice { inner: HidDevice { .. }, vid: 3314, pid: 20784 } -> HidDeviceInfo { vendor_id: 3314, product_id: 20784 }
2026-09-19T23:01:34.052664512+01:00 - Applying lighting command
2026-09-19T23:01:34.052766246+01:00 - Setting feature in lighting
2026-09-19T23:01:34.052774696+01:00 - Setting device feature after initialzing buf
2026-09-19T23:01:34.052782469+01:00 - Set feature called
2026-09-19T23:01:34.052799542+01:00 - HidDevice { inner: HidDevice { .. }, vid: 3314, pid: 20784 } -> HidDeviceInfo { vendor_id: 3314, product_id: 20784 }
2026-09-19T23:01:37.608738716+01:00 - Applying lighting command
2026-09-19T23:01:37.608863003+01:00 - Setting feature in lighting
2026-09-19T23:01:37.608874444+01:00 - Setting device feature after initialzing buf
2026-09-19T23:01:37.608883369+01:00 - Set feature called
2026-09-19T23:01:37.608912812+01:00 - HidDevice { inner: HidDevice { .. }, vid: 3314, pid: 20784 } -> HidDeviceInfo { vendor_id: 3314, product_id: 20784 }
2026-09-19T23:01:40.960278269+01:00 - Applying lighting command
2026-09-19T23:01:40.960358530+01:00 - Setting feature in lighting
2026-09-19T23:01:40.960369902+01:00 - Setting device feature after initialzing buf
2026-09-19T23:01:40.960378402+01:00 - Set feature called
2026-09-19T23:01:40.960394153+01:00 - HidDevice { inner: HidDevice { .. }, vid: 3314, pid: 20784 } -> HidDeviceInfo { vendor_id: 3314, product_id: 20784 }
2026-09-19T23:01:41.455678137+01:00 - Applying lighting command
2026-09-19T23:01:41.455791790+01:00 - Setting feature in lighting
2026-09-19T23:01:41.455804213+01:00 - Setting device feature after initialzing buf
2026-09-19T23:01:41.455813059+01:00 - Set feature called
2026-09-19T23:01:41.455832201+01:00 - HidDevice { inner: HidDevice { .. }, vid: 3314, pid: 20784 } -> HidDeviceInfo { vendor_id: 3314, product_id: 20784 }
2026-09-19T23:01:41.956222819+01:00 - Applying lighting command
2026-09-19T23:01:41.956292841+01:00 - Setting feature in lighting
2026-09-19T23:01:41.956302903+01:00 - Setting device feature after initialzing buf
2026-09-19T23:01:41.956312077+01:00 - Set feature called
2026-09-19T23:01:41.956327704+01:00 - HidDevice { inner: HidDevice { .. }, vid: 3314, pid: 20784 } -> HidDeviceInfo { vendor_id: 3314, product_id: 20784 }
2026-09-19T23:01:41.985112094+01:00 - Applying lighting command
2026-09-19T23:01:41.985165671+01:00 - Setting feature in lighting
2026-09-19T23:01:41.985176783+01:00 - Setting device feature after initialzing buf
2026-09-19T23:01:41.985185154+01:00 - Set feature called
2026-09-19T23:01:41.985199077+01:00 - HidDevice { inner: HidDevice { .. }, vid: 3314, pid: 20784 } -> HidDeviceInfo { vendor_id: 3314, product_id: 20784 }
2026-09-19T23:01:42.014967305+01:00 - Applying lighting command
2026-09-19T23:01:42.015004979+01:00 - Setting feature in lighting
2026-09-19T23:01:42.015016110+01:00 - Setting device feature after initialzing buf
2026-09-19T23:01:42.015024278+01:00 - Set feature called
2026-09-19T23:01:42.015037683+01:00 - HidDevice { inner: HidDevice { .. }, vid: 3314, pid: 20784 } -> HidDeviceInfo { vendor_id: 3314, product_id: 20784 }
2026-09-19T23:01:42.045993744+01:00 - Applying lighting command
2026-09-19T23:01:42.046031408+01:00 - Setting feature in lighting
2026-09-19T23:01:42.046042824+01:00 - Setting device feature after initialzing buf
2026-09-19T23:01:42.046050874+01:00 - Set feature called
2026-09-19T23:01:42.046064919+01:00 - HidDevice { inner: HidDevice { .. }, vid: 3314, pid: 20784 } -> HidDeviceInfo { vendor_id: 3314, product_id: 20784 }
2026-09-19T23:01:42.077543820+01:00 - Applying lighting command
2026-09-19T23:01:42.077575060+01:00 - Setting feature in lighting
2026-09-19T23:01:42.077584923+01:00 - Setting device feature after initialzing buf
2026-09-19T23:01:42.077592881+01:00 - Set feature called
2026-09-19T23:01:42.077605867+01:00 - HidDevice { inner: HidDevice { .. }, vid: 3314, pid: 20784 } -> HidDeviceInfo { vendor_id: 3314, product_id: 20784 }
2026-09-19T23:01:42.106440898+01:00 - Applying lighting command
2026-09-19T23:01:42.106466625+01:00 - Setting feature in lighting
2026-09-19T23:01:42.106471630+01:00 - Setting device feature after initialzing buf
2026-09-19T23:01:42.106475535+01:00 - Set feature called
2026-09-19T23:01:42.106482761+01:00 - HidDevice { inner: HidDevice { .. }, vid: 3314, pid: 20784 } -> HidDeviceInfo { vendor_id: 3314, product_id: 20784 }
2026-09-19T23:01:42.136572433+01:00 - Applying lighting command
2026-09-19T23:01:42.136609328+01:00 - Setting feature in lighting
2026-09-19T23:01:42.136617067+01:00 - Setting device feature after initialzing buf
2026-09-19T23:01:42.136622918+01:00 - Set feature called
2026-09-19T23:01:42.136633393+01:00 - HidDevice { inner: HidDevice { .. }, vid: 3314, pid: 20784 } -> HidDeviceInfo { vendor_id: 3314, product_id: 20784 }
2026-09-19T23:01:42.180509274+01:00 - Applying lighting command
2026-09-19T23:01:42.180555507+01:00 - Setting feature in lighting
2026-09-19T23:01:42.180565993+01:00 - Setting device feature after initialzing buf
2026-09-19T23:01:42.180588218+01:00 - Set feature called
2026-09-19T23:01:42.180602663+01:00 - HidDevice { inner: HidDevice { .. }, vid: 3314, pid: 20784 } -> HidDeviceInfo { vendor_id: 3314, product_id: 20784 }
2026-09-19T23:01:42.210833856+01:00 - Applying lighting command
2026-09-19T23:01:42.210872711+01:00 - Setting feature in lighting
2026-09-19T23:01:42.210882666+01:00 - Setting device feature after initialzing buf
2026-09-19T23:01:42.210891100+01:00 - Set feature called
2026-09-19T23:01:42.210912866+01:00 - HidDevice { inner: HidDevice { .. }, vid: 3314, pid: 20784 } -> HidDeviceInfo { vendor_id: 3314, product_id: 20784 }
2026-09-19T23:01:42.243945704+01:00 - Applying lighting command
2026-09-19T23:01:42.243994316+01:00 - Setting feature in lighting
2026-09-19T23:01:42.244004881+01:00 - Setting device feature after initialzing buf
2026-09-19T23:01:42.244012858+01:00 - Set feature called
2026-09-19T23:01:42.244026770+01:00 - HidDevice { inner: HidDevice { .. }, vid: 3314, pid: 20784 } -> HidDeviceInfo { vendor_id: 3314, product_id: 20784 }
2026-09-19T23:01:42.274123365+01:00 - Applying lighting command
2026-09-19T23:01:42.274166161+01:00 - Setting feature in lighting
2026-09-19T23:01:42.274176379+01:00 - Setting device feature after initialzing buf
2026-09-19T23:01:42.274184358+01:00 - Set feature called
2026-09-19T23:01:42.274197960+01:00 - HidDevice { inner: HidDevice { .. }, vid: 3314, pid: 20784 } -> HidDeviceInfo { vendor_id: 3314, product_id: 20784 }
2026-09-19T23:01:42.304486366+01:00 - Applying lighting command
2026-09-19T23:01:42.304530380+01:00 - Setting feature in lighting
2026-09-19T23:01:42.304540623+01:00 - Setting device feature after initialzing buf
2026-09-19T23:01:42.304548602+01:00 - Set feature called
2026-09-19T23:01:42.304562082+01:00 - HidDevice { inner: HidDevice { .. }, vid: 3314, pid: 20784 } -> HidDeviceInfo { vendor_id: 3314, product_id: 20784 }
2026-09-19T23:01:42.339433380+01:00 - Applying lighting command
2026-09-19T23:01:42.339477035+01:00 - Setting feature in lighting
2026-09-19T23:01:42.339487196+01:00 - Setting device feature after initialzing buf
2026-09-19T23:01:42.339495195+01:00 - Set feature called
2026-09-19T23:01:42.339508544+01:00 - HidDevice { inner: HidDevice { .. }, vid: 3314, pid: 20784 } -> HidDeviceInfo { vendor_id: 3314, product_id: 20784 }
2026-09-19T23:01:42.369294542+01:00 - Applying lighting command
2026-09-19T23:01:42.369346326+01:00 - Setting feature in lighting
2026-09-19T23:01:42.369357002+01:00 - Setting device feature after initialzing buf
2026-09-19T23:01:42.369364965+01:00 - Set feature called
2026-09-19T23:01:42.369379059+01:00 - HidDevice { inner: HidDevice { .. }, vid: 3314, pid: 20784 } -> HidDeviceInfo { vendor_id: 3314, product_id: 20784 }
2026-09-19T23:01:42.404929219+01:00 - Applying lighting command
2026-09-19T23:01:42.404970019+01:00 - Setting feature in lighting
2026-09-19T23:01:42.404980168+01:00 - Setting device feature after initialzing buf
2026-09-19T23:01:42.404988262+01:00 - Set feature called
2026-09-19T23:01:42.405001475+01:00 - HidDevice { inner: HidDevice { .. }, vid: 3314, pid: 20784 } -> HidDeviceInfo { vendor_id: 3314, product_id: 20784 }
2026-09-19T23:01:42.438659780+01:00 - Applying lighting command
2026-09-19T23:01:42.438684044+01:00 - Setting feature in lighting
2026-09-19T23:01:42.438689231+01:00 - Setting device feature after initialzing buf
2026-09-19T23:01:42.438693056+01:00 - Set feature called
2026-09-19T23:01:42.438699605+01:00 - HidDevice { inner: HidDevice { .. }, vid: 3314, pid: 20784 } -> HidDeviceInfo { vendor_id: 3314, product_id: 20784 }
2026-09-19T23:01:42.469902223+01:00 - Applying lighting command
2026-09-19T23:01:42.469942123+01:00 - Setting feature in lighting
2026-09-19T23:01:42.469952524+01:00 - Setting device feature after initialzing buf
2026-09-19T23:01:42.469960850+01:00 - Set feature called
2026-09-19T23:01:42.469974094+01:00 - HidDevice { inner: HidDevice { .. }, vid: 3314, pid: 20784 } -> HidDeviceInfo { vendor_id: 3314, product_id: 20784 }
2026-09-19T23:01:42.505277963+01:00 - Applying lighting command
2026-09-19T23:01:42.505330096+01:00 - Setting feature in lighting
2026-09-19T23:01:42.505340476+01:00 - Setting device feature after initialzing buf
2026-09-19T23:01:42.505348561+01:00 - Set feature called
2026-09-19T23:01:42.505361811+01:00 - HidDevice { inner: HidDevice { .. }, vid: 3314, pid: 20784 } -> HidDeviceInfo { vendor_id: 3314, product_id: 20784 }
2026-09-19T23:01:42.539262883+01:00 - Applying lighting command
2026-09-19T23:01:42.539301955+01:00 - Setting feature in lighting
2026-09-19T23:01:42.539312359+01:00 - Setting device feature after initialzing buf
2026-09-19T23:01:42.539320195+01:00 - Set feature called
2026-09-19T23:01:42.539333049+01:00 - HidDevice { inner: HidDevice { .. }, vid: 3314, pid: 20784 } -> HidDeviceInfo { vendor_id: 3314, product_id: 20784 }
2026-09-19T23:01:42.570250093+01:00 - Applying lighting command
2026-09-19T23:01:42.570290975+01:00 - Setting feature in lighting
2026-09-19T23:01:42.570301294+01:00 - Setting device feature after initialzing buf
2026-09-19T23:01:42.570309224+01:00 - Set feature called
2026-09-19T23:01:42.570322645+01:00 - HidDevice { inner: HidDevice { .. }, vid: 3314, pid: 20784 } -> HidDeviceInfo { vendor_id: 3314, product_id: 20784 }
2026-09-19T23:01:42.606031029+01:00 - Applying lighting command
2026-09-19T23:01:42.606074488+01:00 - Setting feature in lighting
2026-09-19T23:01:42.606084960+01:00 - Setting device feature after initialzing buf
2026-09-19T23:01:42.606092974+01:00 - Set feature called
2026-09-19T23:01:42.606106800+01:00 - HidDevice { inner: HidDevice { .. }, vid: 3314, pid: 20784 } -> HidDeviceInfo { vendor_id: 3314, product_id: 20784 }
2026-09-19T23:01:42.641095757+01:00 - Applying lighting command
2026-09-19T23:01:42.641145379+01:00 - Setting feature in lighting
2026-09-19T23:01:42.641150588+01:00 - Setting device feature after initialzing buf
2026-09-19T23:01:42.641154440+01:00 - Set feature called
2026-09-19T23:01:42.641163248+01:00 - HidDevice { inner: HidDevice { .. }, vid: 3314, pid: 20784 } -> HidDeviceInfo { vendor_id: 3314, product_id: 20784 }
2026-09-19T23:01:42.672505842+01:00 - Applying lighting command
2026-09-19T23:01:42.672559400+01:00 - Setting feature in lighting
2026-09-19T23:01:42.672569732+01:00 - Setting device feature after initialzing buf
2026-09-19T23:01:42.672577839+01:00 - Set feature called
2026-09-19T23:01:42.672592365+01:00 - HidDevice { inner: HidDevice { .. }, vid: 3314, pid: 20784 } -> HidDeviceInfo { vendor_id: 3314, product_id: 20784 }
2026-09-19T23:01:42.704032524+01:00 - Applying lighting command
2026-09-19T23:01:42.704067976+01:00 - Setting feature in lighting
2026-09-19T23:01:42.704078167+01:00 - Setting device feature after initialzing buf
2026-09-19T23:01:42.704086072+01:00 - Set feature called
2026-09-19T23:01:42.704099041+01:00 - HidDevice { inner: HidDevice { .. }, vid: 3314, pid: 20784 } -> HidDeviceInfo { vendor_id: 3314, product_id: 20784 }
2026-09-19T23:01:42.737393187+01:00 - Applying lighting command
2026-09-19T23:01:42.737431413+01:00 - Setting feature in lighting
2026-09-19T23:01:42.737441503+01:00 - Setting device feature after initialzing buf
2026-09-19T23:01:42.737449302+01:00 - Set feature called
2026-09-19T23:01:42.737462409+01:00 - HidDevice { inner: HidDevice { .. }, vid: 3314, pid: 20784 } -> HidDeviceInfo { vendor_id: 3314, product_id: 20784 }
2026-09-19T23:01:42.770099501+01:00 - Applying lighting command
2026-09-19T23:01:42.770140039+01:00 - Setting feature in lighting
2026-09-19T23:01:42.770150325+01:00 - Setting device feature after initialzing buf
2026-09-19T23:01:42.770158178+01:00 - Set feature called
2026-09-19T23:01:42.770171587+01:00 - HidDevice { inner: HidDevice { .. }, vid: 3314, pid: 20784 } -> HidDeviceInfo { vendor_id: 3314, product_id: 20784 }
2026-09-19T23:01:42.804609833+01:00 - Applying lighting command
2026-09-19T23:01:42.804653045+01:00 - Setting feature in lighting
2026-09-19T23:01:42.804663162+01:00 - Setting device feature after initialzing buf
2026-09-19T23:01:42.804671220+01:00 - Set feature called
2026-09-19T23:01:42.804684411+01:00 - HidDevice { inner: HidDevice { .. }, vid: 3314, pid: 20784 } -> HidDeviceInfo { vendor_id: 3314, product_id: 20784 }
2026-09-19T23:01:42.833558451+01:00 - Applying lighting command
2026-09-19T23:01:42.833600985+01:00 - Setting feature in lighting
2026-09-19T23:01:42.833609949+01:00 - Setting device feature after initialzing buf
2026-09-19T23:01:42.833616970+01:00 - Set feature called
2026-09-19T23:01:42.833629117+01:00 - HidDevice { inner: HidDevice { .. }, vid: 3314, pid: 20784 } -> HidDeviceInfo { vendor_id: 3314, product_id: 20784 }
2026-09-19T23:01:42.863783991+01:00 - Applying lighting command
2026-09-19T23:01:42.863836056+01:00 - Setting feature in lighting
2026-09-19T23:01:42.863846368+01:00 - Setting device feature after initialzing buf
2026-09-19T23:01:42.863854260+01:00 - Set feature called
2026-09-19T23:01:42.863868250+01:00 - HidDevice { inner: HidDevice { .. }, vid: 3314, pid: 20784 } -> HidDeviceInfo { vendor_id: 3314, product_id: 20784 }
2026-09-19T23:01:42.893805109+01:00 - Applying lighting command
2026-09-19T23:01:42.893853886+01:00 - Setting feature in lighting
2026-09-19T23:01:42.893864228+01:00 - Setting device feature after initialzing buf
2026-09-19T23:01:42.893872212+01:00 - Set feature called
2026-09-19T23:01:42.893886774+01:00 - HidDevice { inner: HidDevice { .. }, vid: 3314, pid: 20784 } -> HidDeviceInfo { vendor_id: 3314, product_id: 20784 }
2026-09-19T23:01:42.923816157+01:00 - Applying lighting command
2026-09-19T23:01:42.923859707+01:00 - Setting feature in lighting
2026-09-19T23:01:42.923869951+01:00 - Setting device feature after initialzing buf
2026-09-19T23:01:42.923877754+01:00 - Set feature called
2026-09-19T23:01:42.923891293+01:00 - HidDevice { inner: HidDevice { .. }, vid: 3314, pid: 20784 } -> HidDeviceInfo { vendor_id: 3314, product_id: 20784 }
2026-09-19T23:01:42.955649618+01:00 - Applying lighting command
2026-09-19T23:01:42.955701979+01:00 - Setting feature in lighting
2026-09-19T23:01:42.955712503+01:00 - Setting device feature after initialzing buf
2026-09-19T23:01:42.955720553+01:00 - Set feature called
2026-09-19T23:01:42.955734622+01:00 - HidDevice { inner: HidDevice { .. }, vid: 3314, pid: 20784 } -> HidDeviceInfo { vendor_id: 3314, product_id: 20784 }
2026-09-19T23:01:42.985197793+01:00 - Applying lighting command
2026-09-19T23:01:42.985251139+01:00 - Setting feature in lighting
2026-09-19T23:01:42.985261132+01:00 - Setting device feature after initialzing buf
2026-09-19T23:01:42.985268853+01:00 - Set feature called
2026-09-19T23:01:42.985282301+01:00 - HidDevice { inner: HidDevice { .. }, vid: 3314, pid: 20784 } -> HidDeviceInfo { vendor_id: 3314, product_id: 20784 }
2026-09-19T23:01:43.014526160+01:00 - Applying lighting command
2026-09-19T23:01:43.014576458+01:00 - Setting feature in lighting
2026-09-19T23:01:43.014586869+01:00 - Setting device feature after initialzing buf
2026-09-19T23:01:43.014595102+01:00 - Set feature called
2026-09-19T23:01:43.014609131+01:00 - HidDevice { inner: HidDevice { .. }, vid: 3314, pid: 20784 } -> HidDeviceInfo { vendor_id: 3314, product_id: 20784 }
2026-09-19T23:01:43.045089229+01:00 - Applying lighting command
2026-09-19T23:01:43.045135330+01:00 - Setting feature in lighting
2026-09-19T23:01:43.045145426+01:00 - Setting device feature after initialzing buf
2026-09-19T23:01:43.045153147+01:00 - Set feature called
2026-09-19T23:01:43.045166724+01:00 - HidDevice { inner: HidDevice { .. }, vid: 3314, pid: 20784 } -> HidDeviceInfo { vendor_id: 3314, product_id: 20784 }
2026-09-19T23:01:43.074610264+01:00 - Applying lighting command
2026-09-19T23:01:43.074675255+01:00 - Setting feature in lighting
2026-09-19T23:01:43.074686133+01:00 - Setting device feature after initialzing buf
2026-09-19T23:01:43.074694217+01:00 - Set feature called
2026-09-19T23:01:43.074709119+01:00 - HidDevice { inner: HidDevice { .. }, vid: 3314, pid: 20784 } -> HidDeviceInfo { vendor_id: 3314, product_id: 20784 }
2026-09-19T23:01:43.104199408+01:00 - Applying lighting command
2026-09-19T23:01:43.104247473+01:00 - Setting feature in lighting
2026-09-19T23:01:43.104257809+01:00 - Setting device feature after initialzing buf
2026-09-19T23:01:43.104276711+01:00 - Set feature called
2026-09-19T23:01:43.104291326+01:00 - HidDevice { inner: HidDevice { .. }, vid: 3314, pid: 20784 } -> HidDeviceInfo { vendor_id: 3314, product_id: 20784 }
2026-09-19T23:01:43.133312473+01:00 - Applying lighting command
2026-09-19T23:01:43.133357799+01:00 - Setting feature in lighting
2026-09-19T23:01:43.133363838+01:00 - Setting device feature after initialzing buf
2026-09-19T23:01:43.133369560+01:00 - Set feature called
2026-09-19T23:01:43.133379865+01:00 - HidDevice { inner: HidDevice { .. }, vid: 3314, pid: 20784 } -> HidDeviceInfo { vendor_id: 3314, product_id: 20784 }
2026-09-19T23:01:43.166921994+01:00 - Applying lighting command
2026-09-19T23:01:43.166963972+01:00 - Setting feature in lighting
2026-09-19T23:01:43.166970253+01:00 - Setting device feature after initialzing buf
2026-09-19T23:01:43.166976130+01:00 - Set feature called
2026-09-19T23:01:43.166986246+01:00 - HidDevice { inner: HidDevice { .. }, vid: 3314, pid: 20784 } -> HidDeviceInfo { vendor_id: 3314, product_id: 20784 }
2026-09-19T23:01:43.197138249+01:00 - Applying lighting command
2026-09-19T23:01:43.197179252+01:00 - Setting feature in lighting
2026-09-19T23:01:43.197189512+01:00 - Setting device feature after initialzing buf
2026-09-19T23:01:43.197197515+01:00 - Set feature called
2026-09-19T23:01:43.197210701+01:00 - HidDevice { inner: HidDevice { .. }, vid: 3314, pid: 20784 } -> HidDeviceInfo { vendor_id: 3314, product_id: 20784 }
2026-09-19T23:01:43.227011942+01:00 - Applying lighting command
2026-09-19T23:01:43.227052128+01:00 - Setting feature in lighting
2026-09-19T23:01:43.227062249+01:00 - Setting device feature after initialzing buf
2026-09-19T23:01:43.227070166+01:00 - Set feature called
2026-09-19T23:01:43.227083359+01:00 - HidDevice { inner: HidDevice { .. }, vid: 3314, pid: 20784 } -> HidDeviceInfo { vendor_id: 3314, product_id: 20784 }
2026-09-19T23:01:43.526838989+01:00 - Applying lighting command
2026-09-19T23:01:43.526953750+01:00 - Setting feature in lighting
2026-09-19T23:01:43.526965623+01:00 - Setting device feature after initialzing buf
2026-09-19T23:01:43.526974848+01:00 - Set feature called
2026-09-19T23:01:43.526995035+01:00 - HidDevice { inner: HidDevice { .. }, vid: 3314, pid: 20784 } -> HidDeviceInfo { vendor_id: 3314, product_id: 20784 }
2026-09-19T23:01:44.026104226+01:00 - Applying lighting command
2026-09-19T23:01:44.026178312+01:00 - Setting feature in lighting
2026-09-19T23:01:44.026184064+01:00 - Setting device feature after initialzing buf
2026-09-19T23:01:44.026188339+01:00 - Set feature called
2026-09-19T23:01:44.026198414+01:00 - HidDevice { inner: HidDevice { .. }, vid: 3314, pid: 20784 } -> HidDeviceInfo { vendor_id: 3314, product_id: 20784 }
2026-09-19T23:01:44.057256307+01:00 - Applying lighting command
2026-09-19T23:01:44.057313642+01:00 - Setting feature in lighting
2026-09-19T23:01:44.057319018+01:00 - Setting device feature after initialzing buf
2026-09-19T23:01:44.057322984+01:00 - Set feature called
2026-09-19T23:01:44.057332946+01:00 - HidDevice { inner: HidDevice { .. }, vid: 3314, pid: 20784 } -> HidDeviceInfo { vendor_id: 3314, product_id: 20784 }
2026-09-19T23:01:44.089133949+01:00 - Applying lighting command
2026-09-19T23:01:44.089185539+01:00 - Setting feature in lighting
2026-09-19T23:01:44.089191276+01:00 - Setting device feature after initialzing buf
2026-09-19T23:01:44.089195839+01:00 - Set feature called
2026-09-19T23:01:44.089205274+01:00 - HidDevice { inner: HidDevice { .. }, vid: 3314, pid: 20784 } -> HidDeviceInfo { vendor_id: 3314, product_id: 20784 }
2026-09-19T23:01:44.119957330+01:00 - Applying lighting command
2026-09-19T23:01:44.119998779+01:00 - Setting feature in lighting
2026-09-19T23:01:44.120006020+01:00 - Setting device feature after initialzing buf
2026-09-19T23:01:44.120010987+01:00 - Set feature called
2026-09-19T23:01:44.120021950+01:00 - HidDevice { inner: HidDevice { .. }, vid: 3314, pid: 20784 } -> HidDeviceInfo { vendor_id: 3314, product_id: 20784 }
2026-09-19T23:01:44.154471964+01:00 - Applying lighting command
2026-09-19T23:01:44.154512960+01:00 - Setting feature in lighting
2026-09-19T23:01:44.154516366+01:00 - Setting device feature after initialzing buf
2026-09-19T23:01:44.154518377+01:00 - Set feature called
2026-09-19T23:01:44.154523346+01:00 - HidDevice { inner: HidDevice { .. }, vid: 3314, pid: 20784 } -> HidDeviceInfo { vendor_id: 3314, product_id: 20784 }
2026-09-19T23:01:44.192144427+01:00 - Applying lighting command
2026-09-19T23:01:44.192186522+01:00 - Setting feature in lighting
2026-09-19T23:01:44.192190093+01:00 - Setting device feature after initialzing buf
2026-09-19T23:01:44.192192294+01:00 - Set feature called
2026-09-19T23:01:44.192199130+01:00 - HidDevice { inner: HidDevice { .. }, vid: 3314, pid: 20784 } -> HidDeviceInfo { vendor_id: 3314, product_id: 20784 }
2026-09-19T23:01:44.227066604+01:00 - Applying lighting command
2026-09-19T23:01:44.227095855+01:00 - Setting feature in lighting
2026-09-19T23:01:44.227099354+01:00 - Setting device feature after initialzing buf
2026-09-19T23:01:44.227101685+01:00 - Set feature called
2026-09-19T23:01:44.227107017+01:00 - HidDevice { inner: HidDevice { .. }, vid: 3314, pid: 20784 } -> HidDeviceInfo { vendor_id: 3314, product_id: 20784 }
2026-09-19T23:01:44.258447113+01:00 - Applying lighting command
2026-09-19T23:01:44.258498677+01:00 - Setting feature in lighting
2026-09-19T23:01:44.258508483+01:00 - Setting device feature after initialzing buf
2026-09-19T23:01:44.258517224+01:00 - Set feature called
2026-09-19T23:01:44.258531519+01:00 - HidDevice { inner: HidDevice { .. }, vid: 3314, pid: 20784 } -> HidDeviceInfo { vendor_id: 3314, product_id: 20784 }
2026-09-19T23:01:44.289050386+01:00 - Applying lighting command
2026-09-19T23:01:44.289095083+01:00 - Setting feature in lighting
2026-09-19T23:01:44.289105198+01:00 - Setting device feature after initialzing buf
2026-09-19T23:01:44.289112981+01:00 - Set feature called
2026-09-19T23:01:44.289126982+01:00 - HidDevice { inner: HidDevice { .. }, vid: 3314, pid: 20784 } -> HidDeviceInfo { vendor_id: 3314, product_id: 20784 }
2026-09-19T23:01:44.319952584+01:00 - Applying lighting command
2026-09-19T23:01:44.319992345+01:00 - Setting feature in lighting
2026-09-19T23:01:44.320002602+01:00 - Setting device feature after initialzing buf
2026-09-19T23:01:44.320010731+01:00 - Set feature called
2026-09-19T23:01:44.320023825+01:00 - HidDevice { inner: HidDevice { .. }, vid: 3314, pid: 20784 } -> HidDeviceInfo { vendor_id: 3314, product_id: 20784 }
2026-09-19T23:01:44.350795149+01:00 - Applying lighting command
2026-09-19T23:01:44.350835260+01:00 - Setting feature in lighting
2026-09-19T23:01:44.350845178+01:00 - Setting device feature after initialzing buf
2026-09-19T23:01:44.350853050+01:00 - Set feature called
2026-09-19T23:01:44.350866207+01:00 - HidDevice { inner: HidDevice { .. }, vid: 3314, pid: 20784 } -> HidDeviceInfo { vendor_id: 3314, product_id: 20784 }
2026-09-19T23:01:44.380750025+01:00 - Applying lighting command
2026-09-19T23:01:44.380790066+01:00 - Setting feature in lighting
2026-09-19T23:01:44.380795315+01:00 - Setting device feature after initialzing buf
2026-09-19T23:01:44.380798977+01:00 - Set feature called
2026-09-19T23:01:44.380806550+01:00 - HidDevice { inner: HidDevice { .. }, vid: 3314, pid: 20784 } -> HidDeviceInfo { vendor_id: 3314, product_id: 20784 }
2026-09-19T23:01:44.410587078+01:00 - Applying lighting command
2026-09-19T23:01:44.410628723+01:00 - Setting feature in lighting
2026-09-19T23:01:44.410638813+01:00 - Setting device feature after initialzing buf
2026-09-19T23:01:44.410646724+01:00 - Set feature called
2026-09-19T23:01:44.410659767+01:00 - HidDevice { inner: HidDevice { .. }, vid: 3314, pid: 20784 } -> HidDeviceInfo { vendor_id: 3314, product_id: 20784 }
2026-09-19T23:01:44.786380207+01:00 - Applying lighting command
2026-09-19T23:01:44.786480511+01:00 - Setting feature in lighting
2026-09-19T23:01:44.786492111+01:00 - Setting device feature after initialzing buf
2026-09-19T23:01:44.786500983+01:00 - Set feature called
2026-09-19T23:01:44.786520088+01:00 - HidDevice { inner: HidDevice { .. }, vid: 3314, pid: 20784 } -> HidDeviceInfo { vendor_id: 3314, product_id: 20784 }
2026-09-19T23:01:44.988358780+01:00 - Applying lighting command
2026-09-19T23:01:44.988451411+01:00 - Setting feature in lighting
2026-09-19T23:01:44.988462812+01:00 - Setting device feature after initialzing buf
2026-09-19T23:01:44.988471484+01:00 - Set feature called
2026-09-19T23:01:44.988489251+01:00 - HidDevice { inner: HidDevice { .. }, vid: 3314, pid: 20784 } -> HidDeviceInfo { vendor_id: 3314, product_id: 20784 }
2026-09-19T23:01:45.145646910+01:00 - Applying lighting command
2026-09-19T23:01:45.145710746+01:00 - Setting feature in lighting
2026-09-19T23:01:45.145715898+01:00 - Setting device feature after initialzing buf
2026-09-19T23:01:45.145720678+01:00 - Set feature called
2026-09-19T23:01:45.145730305+01:00 - HidDevice { inner: HidDevice { .. }, vid: 3314, pid: 20784 } -> HidDeviceInfo { vendor_id: 3314, product_id: 20784 }
2026-09-19T23:01:45.550868300+01:00 - Applying lighting command
2026-09-19T23:01:45.550985377+01:00 - Setting feature in lighting
2026-09-19T23:01:45.550996716+01:00 - Setting device feature after initialzing buf
2026-09-19T23:01:45.551005481+01:00 - Set feature called
2026-09-19T23:01:45.551024372+01:00 - HidDevice { inner: HidDevice { .. }, vid: 3314, pid: 20784 } -> HidDeviceInfo { vendor_id: 3314, product_id: 20784 }
2026-09-19T23:01:50.411827702+01:00 - Applying lighting command
2026-09-19T23:01:50.411914106+01:00 - Setting feature in lighting
2026-09-19T23:01:50.411925672+01:00 - Setting device feature after initialzing buf
2026-09-19T23:01:50.411934767+01:00 - Set feature called
2026-09-19T23:01:50.411951289+01:00 - HidDevice { inner: HidDevice { .. }, vid: 3314, pid: 20784 } -> HidDeviceInfo { vendor_id: 3314, product_id: 20784 }
2026-09-19T23:01:50.591093156+01:00 - Applying lighting command
2026-09-19T23:01:50.591202160+01:00 - Setting feature in lighting
2026-09-19T23:01:50.591213217+01:00 - Setting device feature after initialzing buf
2026-09-19T23:01:50.591222089+01:00 - Set feature called
2026-09-19T23:01:50.591242323+01:00 - HidDevice { inner: HidDevice { .. }, vid: 3314, pid: 20784 } -> HidDeviceInfo { vendor_id: 3314, product_id: 20784 }
2026-09-19T23:02:38.652940355+01:00 - Applying lighting command
2026-09-19T23:02:38.653025622+01:00 - Setting feature in lighting
2026-09-19T23:02:38.653037663+01:00 - Setting device feature after initialzing buf
2026-09-19T23:02:38.653046910+01:00 - Set feature called
2026-09-19T23:02:38.653063392+01:00 - HidDevice { inner: HidDevice { .. }, vid: 3314, pid: 20784 } -> HidDeviceInfo { vendor_id: 3314, product_id: 20784 }
2026-09-19T23:02:38.900235097+01:00 - Applying lighting command
2026-09-19T23:02:38.900346976+01:00 - Setting feature in lighting
2026-09-19T23:02:38.900359188+01:00 - Setting device feature after initialzing buf
2026-09-19T23:02:38.900369172+01:00 - Set feature called
2026-09-19T23:02:38.900388390+01:00 - HidDevice { inner: HidDevice { .. }, vid: 3314, pid: 20784 } -> HidDeviceInfo { vendor_id: 3314, product_id: 20784 }
2026-09-19T23:02:41.081728989+01:00 - Applying lighting command
2026-09-19T23:02:41.081791524+01:00 - Setting feature in lighting
2026-09-19T23:02:41.081797803+01:00 - Setting device feature after initialzing buf
2026-09-19T23:02:41.081802425+01:00 - Set feature called
2026-09-19T23:02:41.081812013+01:00 - HidDevice { inner: HidDevice { .. }, vid: 3314, pid: 20784 } -> HidDeviceInfo { vendor_id: 3314, product_id: 20784 }
2026-09-19T23:02:41.582871071+01:00 - Applying lighting command
2026-09-19T23:02:41.582948893+01:00 - Setting feature in lighting
2026-09-19T23:02:41.582960397+01:00 - Setting device feature after initialzing buf
2026-09-19T23:02:41.582969487+01:00 - Set feature called
2026-09-19T23:02:41.582986083+01:00 - HidDevice { inner: HidDevice { .. }, vid: 3314, pid: 20784 } -> HidDeviceInfo { vendor_id: 3314, product_id: 20784 }
2026-09-19T23:02:41.612545712+01:00 - Applying lighting command
2026-09-19T23:02:41.612594350+01:00 - Setting feature in lighting
2026-09-19T23:02:41.612617584+01:00 - Setting device feature after initialzing buf
2026-09-19T23:02:41.612626511+01:00 - Set feature called
2026-09-19T23:02:41.612640757+01:00 - HidDevice { inner: HidDevice { .. }, vid: 3314, pid: 20784 } -> HidDeviceInfo { vendor_id: 3314, product_id: 20784 }
2026-09-19T23:02:41.643689706+01:00 - Applying lighting command
2026-09-19T23:02:41.643737383+01:00 - Setting feature in lighting
2026-09-19T23:02:41.643747820+01:00 - Setting device feature after initialzing buf
2026-09-19T23:02:41.643755994+01:00 - Set feature called
2026-09-19T23:02:41.643769759+01:00 - HidDevice { inner: HidDevice { .. }, vid: 3314, pid: 20784 } -> HidDeviceInfo { vendor_id: 3314, product_id: 20784 }
2026-09-19T23:02:41.679488928+01:00 - Applying lighting command
2026-09-19T23:02:41.679538325+01:00 - Setting feature in lighting
2026-09-19T23:02:41.679544221+01:00 - Setting device feature after initialzing buf
2026-09-19T23:02:41.679548417+01:00 - Set feature called
2026-09-19T23:02:41.679557141+01:00 - HidDevice { inner: HidDevice { .. }, vid: 3314, pid: 20784 } -> HidDeviceInfo { vendor_id: 3314, product_id: 20784 }
2026-09-19T23:02:41.722361214+01:00 - Applying lighting command
2026-09-19T23:02:41.722425130+01:00 - Setting feature in lighting
2026-09-19T23:02:41.722436094+01:00 - Setting device feature after initialzing buf
2026-09-19T23:02:41.722444414+01:00 - Set feature called
2026-09-19T23:02:41.722459906+01:00 - HidDevice { inner: HidDevice { .. }, vid: 3314, pid: 20784 } -> HidDeviceInfo { vendor_id: 3314, product_id: 20784 }
2026-09-19T23:02:41.755135752+01:00 - Applying lighting command
2026-09-19T23:02:41.755184154+01:00 - Setting feature in lighting
2026-09-19T23:02:41.755192436+01:00 - Setting device feature after initialzing buf
2026-09-19T23:02:41.755198603+01:00 - Set feature called
2026-09-19T23:02:41.755210225+01:00 - HidDevice { inner: HidDevice { .. }, vid: 3314, pid: 20784 } -> HidDeviceInfo { vendor_id: 3314, product_id: 20784 }
2026-09-19T23:02:41.785415024+01:00 - Applying lighting command
2026-09-19T23:02:41.785448015+01:00 - Setting feature in lighting
2026-09-19T23:02:41.785454091+01:00 - Setting device feature after initialzing buf
2026-09-19T23:02:41.785458699+01:00 - Set feature called
2026-09-19T23:02:41.785467234+01:00 - HidDevice { inner: HidDevice { .. }, vid: 3314, pid: 20784 } -> HidDeviceInfo { vendor_id: 3314, product_id: 20784 }
2026-09-19T23:02:41.815299899+01:00 - Applying lighting command
2026-09-19T23:02:41.815341632+01:00 - Setting feature in lighting
2026-09-19T23:02:41.815351806+01:00 - Setting device feature after initialzing buf
2026-09-19T23:02:41.815360012+01:00 - Set feature called
2026-09-19T23:02:41.815373703+01:00 - HidDevice { inner: HidDevice { .. }, vid: 3314, pid: 20784 } -> HidDeviceInfo { vendor_id: 3314, product_id: 20784 }
2026-09-19T23:02:41.845694844+01:00 - Applying lighting command
2026-09-19T23:02:41.845742505+01:00 - Setting feature in lighting
2026-09-19T23:02:41.845752796+01:00 - Setting device feature after initialzing buf
2026-09-19T23:02:41.845760830+01:00 - Set feature called
2026-09-19T23:02:41.845774718+01:00 - HidDevice { inner: HidDevice { .. }, vid: 3314, pid: 20784 } -> HidDeviceInfo { vendor_id: 3314, product_id: 20784 }
2026-09-19T23:02:41.875829+01:00 - Applying lighting command
2026-09-19T23:02:41.875870626+01:00 - Setting feature in lighting
2026-09-19T23:02:41.875881336+01:00 - Setting device feature after initialzing buf
2026-09-19T23:02:41.875889230+01:00 - Set feature called
2026-09-19T23:02:41.875916900+01:00 - HidDevice { inner: HidDevice { .. }, vid: 3314, pid: 20784 } -> HidDeviceInfo { vendor_id: 3314, product_id: 20784 }
2026-09-19T23:02:41.905465896+01:00 - Applying lighting command
2026-09-19T23:02:41.905505572+01:00 - Setting feature in lighting
2026-09-19T23:02:41.905515999+01:00 - Setting device feature after initialzing buf
2026-09-19T23:02:41.905523908+01:00 - Set feature called
2026-09-19T23:02:41.905537482+01:00 - HidDevice { inner: HidDevice { .. }, vid: 3314, pid: 20784 } -> HidDeviceInfo { vendor_id: 3314, product_id: 20784 }
2026-09-19T23:02:41.936099091+01:00 - Applying lighting command
2026-09-19T23:02:41.936144333+01:00 - Setting feature in lighting
2026-09-19T23:02:41.936154662+01:00 - Setting device feature after initialzing buf
2026-09-19T23:02:41.936162588+01:00 - Set feature called
2026-09-19T23:02:41.936176331+01:00 - HidDevice { inner: HidDevice { .. }, vid: 3314, pid: 20784 } -> HidDeviceInfo { vendor_id: 3314, product_id: 20784 }
2026-09-19T23:02:41.965667638+01:00 - Applying lighting command
2026-09-19T23:02:41.965708133+01:00 - Setting feature in lighting
2026-09-19T23:02:41.965718371+01:00 - Setting device feature after initialzing buf
2026-09-19T23:02:41.965726420+01:00 - Set feature called
2026-09-19T23:02:41.965739758+01:00 - HidDevice { inner: HidDevice { .. }, vid: 3314, pid: 20784 } -> HidDeviceInfo { vendor_id: 3314, product_id: 20784 }
2026-09-19T23:02:41.995448735+01:00 - Applying lighting command
2026-09-19T23:02:41.995482828+01:00 - Setting feature in lighting
2026-09-19T23:02:41.995492854+01:00 - Setting device feature after initialzing buf
2026-09-19T23:02:41.995500757+01:00 - Set feature called
2026-09-19T23:02:41.995513603+01:00 - HidDevice { inner: HidDevice { .. }, vid: 3314, pid: 20784 } -> HidDeviceInfo { vendor_id: 3314, product_id: 20784 }
2026-09-19T23:02:42.025548016+01:00 - Applying lighting command
2026-09-19T23:02:42.025585163+01:00 - Setting feature in lighting
2026-09-19T23:02:42.025595435+01:00 - Setting device feature after initialzing buf
2026-09-19T23:02:42.025603520+01:00 - Set feature called
2026-09-19T23:02:42.025616878+01:00 - HidDevice { inner: HidDevice { .. }, vid: 3314, pid: 20784 } -> HidDeviceInfo { vendor_id: 3314, product_id: 20784 }
2026-09-19T23:02:42.055542290+01:00 - Applying lighting command
2026-09-19T23:02:42.055572133+01:00 - Setting feature in lighting
2026-09-19T23:02:42.055582388+01:00 - Setting device feature after initialzing buf
2026-09-19T23:02:42.055590368+01:00 - Set feature called
2026-09-19T23:02:42.055603284+01:00 - HidDevice { inner: HidDevice { .. }, vid: 3314, pid: 20784 } -> HidDeviceInfo { vendor_id: 3314, product_id: 20784 }
2026-09-19T23:02:42.084924860+01:00 - Applying lighting command
2026-09-19T23:02:42.084973921+01:00 - Setting feature in lighting
2026-09-19T23:02:42.084984355+01:00 - Setting device feature after initialzing buf
2026-09-19T23:02:42.084992233+01:00 - Set feature called
2026-09-19T23:02:42.085005483+01:00 - HidDevice { inner: HidDevice { .. }, vid: 3314, pid: 20784 } -> HidDeviceInfo { vendor_id: 3314, product_id: 20784 }
2026-09-19T23:02:42.116460984+01:00 - Applying lighting command
2026-09-19T23:02:42.116502532+01:00 - Setting feature in lighting
2026-09-19T23:02:42.116512918+01:00 - Setting device feature after initialzing buf
2026-09-19T23:02:42.116520709+01:00 - Set feature called
2026-09-19T23:02:42.116534437+01:00 - HidDevice { inner: HidDevice { .. }, vid: 3314, pid: 20784 } -> HidDeviceInfo { vendor_id: 3314, product_id: 20784 }
2026-09-19T23:02:42.150175062+01:00 - Applying lighting command
2026-09-19T23:02:42.150212250+01:00 - Setting feature in lighting
2026-09-19T23:02:42.150222544+01:00 - Setting device feature after initialzing buf
2026-09-19T23:02:42.150230654+01:00 - Set feature called
2026-09-19T23:02:42.150244037+01:00 - HidDevice { inner: HidDevice { .. }, vid: 3314, pid: 20784 } -> HidDeviceInfo { vendor_id: 3314, product_id: 20784 }
2026-09-19T23:02:42.181852846+01:00 - Applying lighting command
2026-09-19T23:02:42.181889939+01:00 - Setting feature in lighting
2026-09-19T23:02:42.181900929+01:00 - Setting device feature after initialzing buf
2026-09-19T23:02:42.181905099+01:00 - Set feature called
2026-09-19T23:02:42.181913395+01:00 - HidDevice { inner: HidDevice { .. }, vid: 3314, pid: 20784 } -> HidDeviceInfo { vendor_id: 3314, product_id: 20784 }
2026-09-19T23:02:42.211993290+01:00 - Applying lighting command
2026-09-19T23:02:42.212035087+01:00 - Setting feature in lighting
2026-09-19T23:02:42.212045688+01:00 - Setting device feature after initialzing buf
2026-09-19T23:02:42.212053674+01:00 - Set feature called
2026-09-19T23:02:42.212078116+01:00 - HidDevice { inner: HidDevice { .. }, vid: 3314, pid: 20784 } -> HidDeviceInfo { vendor_id: 3314, product_id: 20784 }
2026-09-19T23:02:42.242188900+01:00 - Applying lighting command
2026-09-19T23:02:42.242231743+01:00 - Setting feature in lighting
2026-09-19T23:02:42.242241901+01:00 - Setting device feature after initialzing buf
2026-09-19T23:02:42.242250039+01:00 - Set feature called
2026-09-19T23:02:42.242263923+01:00 - HidDevice { inner: HidDevice { .. }, vid: 3314, pid: 20784 } -> HidDeviceInfo { vendor_id: 3314, product_id: 20784 }
2026-09-19T23:02:42.271733663+01:00 - Applying lighting command
2026-09-19T23:02:42.271766823+01:00 - Setting feature in lighting
2026-09-19T23:02:42.271775785+01:00 - Setting device feature after initialzing buf
2026-09-19T23:02:42.271782642+01:00 - Set feature called
2026-09-19T23:02:42.271794086+01:00 - HidDevice { inner: HidDevice { .. }, vid: 3314, pid: 20784 } -> HidDeviceInfo { vendor_id: 3314, product_id: 20784 }
2026-09-19T23:02:45.199993027+01:00 - Applying lighting command
2026-09-19T23:02:45.200116496+01:00 - Setting feature in lighting
2026-09-19T23:02:45.200128198+01:00 - Setting device feature after initialzing buf
2026-09-19T23:02:45.200136990+01:00 - Set feature called
2026-09-19T23:02:45.200156068+01:00 - HidDevice { inner: HidDevice { .. }, vid: 3314, pid: 20784 } -> HidDeviceInfo { vendor_id: 3314, product_id: 20784 }
2026-09-19T23:02:45.379778978+01:00 - Applying lighting command
2026-09-19T23:02:45.379849101+01:00 - Setting feature in lighting
2026-09-19T23:02:45.379860217+01:00 - Setting device feature after initialzing buf
2026-09-19T23:02:45.379868539+01:00 - Set feature called
2026-09-19T23:02:45.379883927+01:00 - HidDevice { inner: HidDevice { .. }, vid: 3314, pid: 20784 } -> HidDeviceInfo { vendor_id: 3314, product_id: 20784 }
2026-09-19T23:02:45.941968220+01:00 - Applying lighting command
2026-09-19T23:02:45.942078578+01:00 - Setting feature in lighting
2026-09-19T23:02:45.942089949+01:00 - Setting device feature after initialzing buf
2026-09-19T23:02:45.942098859+01:00 - Set feature called
2026-09-19T23:02:45.942118689+01:00 - HidDevice { inner: HidDevice { .. }, vid: 3314, pid: 20784 } -> HidDeviceInfo { vendor_id: 3314, product_id: 20784 }
2026-09-19T23:02:48.889653622+01:00 - Applying lighting command
2026-09-19T23:02:48.889775212+01:00 - Setting feature in lighting
2026-09-19T23:02:48.889786621+01:00 - Setting device feature after initialzing buf
2026-09-19T23:02:48.889795409+01:00 - Set feature called
2026-09-19T23:02:48.889814740+01:00 - HidDevice { inner: HidDevice { .. }, vid: 3314, pid: 20784 } -> HidDeviceInfo { vendor_id: 3314, product_id: 20784 }
2026-09-19T23:02:54.425029381+01:00 - Applying lighting command
2026-09-19T23:02:54.425158120+01:00 - Setting feature in lighting
2026-09-19T23:02:54.425169615+01:00 - Setting device feature after initialzing buf
2026-09-19T23:02:54.425178904+01:00 - Set feature called
2026-09-19T23:02:54.425197885+01:00 - HidDevice { inner: HidDevice { .. }, vid: 3314, pid: 20784 } -> HidDeviceInfo { vendor_id: 3314, product_id: 20784 }
2026-09-28T00:36:10.880407937+01:00 - Logging init
2026-09-28T00:36:10.882717643+01:00 - HidDeviceInfo { vendor_id: 1739, product_id: 53220 }
2026-09-28T00:36:10.882749057+01:00 - HidDeviceInfo { vendor_id: 1739, product_id: 53220 }
2026-09-28T00:36:10.882762246+01:00 - HidDeviceInfo { vendor_id: 1739, product_id: 53220 }
2026-09-28T00:36:10.882772440+01:00 - HidDeviceInfo { vendor_id: 1739, product_id: 53220 }
2026-09-28T00:36:10.882782310+01:00 - HidDeviceInfo { vendor_id: 3314, product_id: 20784 }
2026-09-28T00:36:10.882792570+01:00 - HidDeviceInfo { vendor_id: 4133, product_id: 5963 }
2026-09-28T00:36:10.882802213+01:00 - HidDeviceInfo { vendor_id: 4133, product_id: 5963 }
2026-09-28T00:36:10.882811902+01:00 - HidDeviceInfo { vendor_id: 4133, product_id: 5963 }
2026-09-28T00:36:10.882821216+01:00 - HidDeviceInfo { vendor_id: 4133, product_id: 5963 }
2026-09-28T00:36:10.882831050+01:00 - HidDeviceInfo { vendor_id: 4133, product_id: 5963 }
2026-09-28T00:36:10.882852568+01:00 - HidDeviceInfo { vendor_id: 4133, product_id: 5963 }
2026-09-28T00:36:10.882862757+01:00 - HidDeviceInfo { vendor_id: 4133, product_id: 5963 }
2026-09-28T00:36:10.882872008+01:00 - HidDeviceInfo { vendor_id: 4133, product_id: 5963 }
2026-09-28T00:36:10.886961875+01:00 - hidapi error: Failed to open a device with path '/dev/hidraw2': Permission denied
2026-09-28T00:36:10.889232957+01:00 - hidapi error: Failed to open a device with path '/dev/hidraw1': Permission denied
